theme,site,n_obs,n_vfolds,target_variable,rmse,mtry,min_n,importance_surface_downwelling_longwave_flux_in_air,importance_air_temperature,importance_surface_downwelling_shortwave_flux_in_air,importance_relative_humidity,importance_northward_wind,importance_precipitation_flux,importance_air_pressure,importance_eastward_wind
aquatics,ARIK,692,10,temperature,0.5417246532240676,6,5,17816.92330623959,13976.89141549426,4270.99841454813,294.80897448153905,256.86482454018625,187.48743961447389,140.02322302657063,138.2361100930822
aquatics,BARC,904,10,temperature,0.5751084465427949,6,2,3440.9584129104005,16273.555433180223,1726.863072054256,433.08138422159203,304.4544869879585,203.5860079968323,535.6667924834649,1193.0616512208014
aquatics,BIGC,612,10,temperature,0.7022504453841072,4,2,1863.148748628035,7264.4424317854755,4054.9479837623758,948.876896960425,939.9871353601945,191.62212180055326,317.49501431525937,306.2929099250512
aquatics,BLDE,915,10,temperature,0.4089345042621645,4,5,3857.6193343653995,13882.091855454617,899.800953753048,4366.170138110088,135.11237852317103,175.2520617964744,495.734285759779,179.01415442747754
aquatics,BLUE,760,10,temperature,0.9010569181351037,6,4,3464.074061743485,10898.951945150555,2211.6679376345,736.6286044123846,622.4939392395521,397.3478324904692,488.08411339993216,507.61927155919375
aquatics,BLWA,608,10,temperature,1.011446335306314,7,2,1696.3995122342178,17666.191879865444,2828.2887538776336,1708.7817493741813,627.478653983619,294.99340291014016,626.4553609611677,2028.8405128427992
aquatics,CARI,313,10,temperature,0.350281445190456,5,3,295.5038517783025,565.0761358881838,69.4392060006253,44.18664024082979,44.14470857849644,22.451341284257865,36.36027945158583,40.95053199680917
aquatics,COMO,769,10,temperature,0.42273287596814935,4,4,3090.87774157224,5852.90554883408,324.5336870987759,331.150662727282,96.60220830999566,115.9484495758833,1282.006452764456,86.07618655969257
aquatics,CRAM,403,10,temperature,1.0092574961337963,5,3,2187.53462244183,7928.264356633311,1080.1970308789248,270.82897855077033,407.0491859739039,255.9792472845704,415.50705000200986,916.0645690386192
aquatics,CUPE,776,10,temperature,0.45515687889609596,3,5,157.37835174515607,234.97879284713468,134.65862849477085,117.35924590023656,129.66404095523916,99.58309593268419,153.8658160004931,104.57779715043675
aquatics,FLNT,763,10,temperature,0.7643075405096863,7,5,1845.77041964449,19408.714328080285,1810.549576466047,592.1546746830217,402.2612591396146,202.25757262798027,509.38307735026484,1502.9142984428693
aquatics,GUIL,684,10,temperature,0.2889398482346816,4,3,268.6514923157356,402.7553654431201,514.8518257416472,64.03144548222926,66.82386693441032,54.54094583444948,70.45486422208174,85.25213618357206
aquatics,HOPB,943,10,temperature,1.4391580788558958,5,17,8498.03158802993,28509.492212456596,2474.1206216239707,434.6045227537144,393.37898827051293,349.14796822333454,347.80681673745914,766.4655156745773
aquatics,KING,632,10,temperature,0.6989917767718824,4,7,7264.518332871501,16729.45622799112,2601.2097079362084,294.1895706182947,221.420145738493,312.6320453962811,368.79764949614895,259.9975004777314
aquatics,LECO,934,10,temperature,0.5539118214463431,7,5,1340.7656841947758,14555.129873839502,373.5138412377615,213.2063396316741,221.12366341544515,140.2139119713762,205.47146380775536,576.3166666571333
aquatics,LEWI,950,10,temperature,0.37677346933463557,4,5,4976.300445478012,12519.59461031809,1747.0741728524872,163.9004996314926,138.62047703850587,319.2618597619952,189.63973241875053,202.1243297399629
aquatics,LIRO,407,10,temperature,1.2001623218323982,5,8,1746.063966042315,7387.055346238893,994.2225063139256,284.80855056927976,351.0723206171345,238.38837423470295,433.97874011515626,778.4493898974022
aquatics,MART,886,10,temperature,0.9933779904592236,7,3,732.7462742109091,9639.342907953203,1703.6757810016325,992.369629193725,881.4680360411703,417.21903038708405,700.430045948973,670.9672932394631
aquatics,MAYF,730,10,temperature,2.196439881174726,3,6,6502.751217950615,8473.516535058909,6339.330740272686,3311.8970749800974,1541.504844998387,2302.9007797465697,1968.6823247047234,1999.1316100812085
aquatics,MCDI,935,10,temperature,1.1760187603374064,5,8,11137.891319201404,32278.429391454083,5171.705035302196,1050.0383643264936,853.9782705404929,384.9074404858992,1036.2676121680613,1564.9949761733562
aquatics,MCRA,516,10,temperature,0.5557193157445626,6,4,229.26746389274695,4920.002383341129,1257.7465491963512,199.46695694765077,159.81012076869882,82.67976638158233,167.76995677438777,247.1233971525112
aquatics,OKSR,170,10,temperature,0.6437643714882039,7,6,269.95162502019053,1742.169525562409,125.77929079907153,79.8967531218973,48.43394443139318,37.246655760705515,59.471381829267244,60.99069222931231
aquatics,POSE,883,10,temperature,0.6014732128151488,5,2,8001.3262450612,26716.556796234916,1920.7666715625946,389.8878328820197,383.7242096372721,303.95989011741426,398.3588487186234,577.6816884486235
aquatics,PRIN,934,10,temperature,0.5979828306261042,5,2,13497.410598954584,33809.514611694794,4255.588290174501,572.7384068268258,503.1336325467211,430.99818242812285,603.7888699179452,897.4796363366909
aquatics,PRLA,352,10,temperature,0.8352789793549931,5,3,3165.143980240158,7435.111484055354,1274.9245015877668,267.1060848133402,166.53889404359538,132.00136526727204,488.5300059333822,273.69766167684674
aquatics,PRPO,408,10,temperature,0.9403303942216811,6,6,3003.7702018588648,11666.773644277926,935.2745212375672,336.24936529404783,164.42318693578497,162.92621026513544,539.2507143605491,267.9824901041401
aquatics,REDB,747,10,temperature,0.3062259338818077,5,5,3338.0212524370536,10117.97832965598,1110.9956456397717,530.881349810647,93.17449138220222,58.751841721590225,91.15819084249803,173.2918932880321
aquatics,SUGG,920,10,temperature,0.7054709644325272,6,8,3503.5952899799177,17501.493017730096,1944.676440956373,319.0609690555834,236.25801916060988,185.6540242783831,357.03929166790715,780.6199859116131
aquatics,SYCA,460,10,temperature,1.2204229567693992,3,10,3109.155543727301,4664.773525205856,1445.4346124024626,545.5116140186213,309.4715031586758,295.98189758125125,701.002965947813,285.7280744136514
aquatics,TECR,861,10,temperature,0.3730836355371147,5,7,2476.75446666626,14972.889058610315,3794.1476704440493,574.734027783686,444.79301912303725,95.39564828469953,166.00098720557193,223.4780933415405
aquatics,TOMB,559,10,temperature,1.0273105658264958,8,5,952.9101728668414,13978.251332264705,708.7625547739244,775.3477044617844,510.20947435761144,320.4912943135793,643.1353823105226,2153.1294038312562
aquatics,TOOK,156,10,temperature,0.6816824845767818,7,6,141.06619959468128,511.6192999771887,114.89683288185934,43.47896703359626,41.30837559301921,71.9883624457881,76.60565171804723,181.9148329510346
aquatics,WALK,921,10,temperature,0.2850433254457344,4,2,2157.5901207184547,4705.347919800491,763.4322080506818,110.88804356279955,90.16502335269502,104.8402803398817,136.49789275375437,154.75757535492883
aquatics,WLOU,840,10,temperature,0.34008942935763414,4,3,1523.840285868587,3252.938184908571,206.38577778314877,267.46919208597495,127.00548794577422,89.83820938040702,686.1609646915323,75.76495763680389
aquatics,ARIK,692,10,oxygen,0.5776307175345557,7,5,519.7722128364987,1094.2596205646362,392.9202072492983,175.07128058933543,205.67787336081616,101.24481027640947,143.3499280546953,144.9547547292354
aquatics,BARC,742,10,oxygen,0.24002259567278736,7,3,99.68423376984013,454.11892904796827,116.39346579317443,32.24970310835788,39.19785168715565,22.491525500047022,90.00489709518413,115.84791596302061
aquatics,BIGC,828,10,oxygen,0.20979485892315142,5,5,380.14644854927786,1047.2334866759622,206.96867221346665,37.46998444494534,79.05535730656352,13.720043141187908,31.18508880800489,34.34072956434003
aquatics,BLDE,716,10,oxygen,0.17106504866661126,6,2,154.80100840461563,1061.5094301996269,30.003748807909403,189.35812750232262,30.486244635212344,15.972326901607635,18.449614277717608,14.52153031052775
aquatics,BLUE,596,10,oxygen,0.30552234747114704,2,6,248.30524131545303,277.2829013796915,70.81309318913112,39.76697367965836,36.178436813269364,45.878762311682515,117.62359839975996,46.219496334104456
aquatics,BLWA,453,10,oxygen,0.3745683597191516,7,5,239.55956652503275,283.97566800830697,112.73202095881543,120.51052418319141,55.423713505547695,32.14918744161165,38.948690776559594,87.3390624122316
aquatics,CARI,472,10,oxygen,0.14027569160618447,4,3,95.7725603922435,58.86116968127795,16.653180126806447,10.787453229093238,8.157973636625316,5.972736517028124,20.41917691172609,14.174440572477296
aquatics,COMO,903,10,oxygen,0.34266918030245225,4,3,226.102922875567,321.3629403096363,114.760367363613,105.40841026521454,82.6378713657749,68.3307811851382,134.67020587378698,79.35317188882956
aquatics,CRAM,309,10,oxygen,0.21901727075151414,4,2,20.110479551141022,25.841134276627514,30.048110902989873,13.913238899811708,15.629414824254553,14.961862377739461,18.45322120863792,20.98670349647829
aquatics,CUPE,905,10,oxygen,0.06458002392569227,3,6,7.505533788212737,16.292209805885346,14.732735663308905,7.582679522480575,3.221336972350509,2.643532197296041,4.7878183047392415,4.358672719189141
aquatics,FLNT,740,10,oxygen,0.20222791971686613,7,2,84.69477957195114,621.5491096285066,98.55203607978973,47.2834726830522,29.876502544952903,16.457655104104354,39.25009670134515,66.78222212336458
aquatics,GUIL,787,10,oxygen,0.16632605364325942,4,5,40.83121838492143,63.85794540761328,48.195379611342204,22.44452341763781,15.968802239371682,16.37370635212603,20.94529326184282,10.960834517820858
aquatics,HOPB,949,10,oxygen,0.21133804943834938,4,5,918.386667012688,2348.524270000821,268.72895300411034,45.15938691485685,43.651896899178624,37.45155632516639,39.51999567330745,61.22946192975626
aquatics,KING,545,10,oxygen,0.5341602281358157,6,4,269.6391935992497,497.39128995284017,307.5503860225918,263.6967324200059,105.73057859776,82.01842567915168,127.78567449675441,161.2367678920179
aquatics,LECO,831,10,oxygen,0.1470605313722615,5,3,220.56087607235037,782.3543338962904,58.08464511706196,19.237515187293265,15.343457954114914,12.84867136930159,22.573962416612066,37.185764884411164
aquatics,LEWI,946,10,oxygen,0.19666074039680165,4,9,476.2763337640886,902.7769126798379,107.83067764574812,24.833230814113712,21.488600016330533,30.92290680513091,26.122021955647185,25.020198453818658
aquatics,LIRO,292,10,oxygen,0.39684721739925666,3,11,23.344891166122142,39.349789895752814,19.25619734995757,21.269910109970372,20.19563267338118,14.04798750656315,17.753257280371535,33.10401468598686
aquatics,MART,933,10,oxygen,0.18962184004580007,5,4,77.77936732562326,794.0880611535605,163.78164247614902,98.52604559194688,37.61275364292226,31.054222077066026,34.17797814202773,30.693429838099743
aquatics,MAYF,923,10,oxygen,0.15022198948665547,6,6,227.95196218859877,1081.2476590311678,31.838646437964815,13.9336727406126,15.70370483206897,9.731206840087175,38.05433274752229,63.223531083217736
aquatics,MCDI,935,10,oxygen,0.5993327249929298,5,3,1711.4716571466697,4186.520673439468,699.4616935770888,622.310234191712,281.4545666321072,207.83891375798618,466.50229897127855,416.4050336849819
aquatics,MCRA,616,10,oxygen,0.2545101529109668,7,5,23.312363748561847,631.2220242609077,106.70254140992111,25.689546599969304,21.385704615921135,21.894092149101276,50.124538838379706,52.07841970545525
aquatics,OKSR,159,10,oxygen,0.13973116962592375,5,5,18.547938914461948,68.33101985814423,6.424489536877742,4.853445694285742,2.0084235806908355,2.068199532129415,4.507908025245052,3.139656548932763
aquatics,POSE,949,10,oxygen,0.2806890149285678,6,14,551.17243261628,2472.3942645878565,85.67386383732098,28.186081042052653,26.800467069120156,14.705605006654267,20.4263908422463,49.13833270543303
aquatics,PRIN,913,10,oxygen,0.7013679606749066,5,8,1629.105064677038,2019.2793916579642,430.1312142084128,292.53285906157237,267.4376623969612,138.35521048896612,280.22912962602874,308.7102217429233
aquatics,PRLA,91,10,oxygen,0.5688705790505518,5,11,22.159190460370972,35.963234995990504,26.440861802704255,21.8584122911328,7.280846892976737,2.9474710364204095,6.615076429613558,9.086572705603766
aquatics,PRPO,210,10,oxygen,0.4014142066989744,3,6,121.91389287907697,170.50150423353762,76.72886269553172,27.326715656211455,21.347672585301176,19.940453677022756,29.60725551254406,27.25582438930095
aquatics,REDB,665,10,oxygen,0.16278510785116881,3,5,161.02559174710186,337.77749319261954,77.27240030599165,85.74378809424148,17.168855391885135,13.838552102813034,30.30011365434531,18.924569439598795
aquatics,SUGG,773,10,oxygen,0.29463041045421173,5,5,217.76159995804232,714.6933876822593,135.84808765995837,75.59558434107375,52.4194582208245,40.57504467465633,68.39418556164007,114.243443042127
aquatics,SYCA,552,10,oxygen,0.6464071534617992,4,3,823.4507142798391,1384.8204753682228,415.3980054366661,215.99055756037174,169.74637383264434,115.9652975318205,258.9729982151768,164.93788102848828
aquatics,TECR,885,10,oxygen,0.2208127491663709,5,6,203.5205186532398,981.6144131309961,292.5823443043395,76.70199273161222,73.30791433786341,11.555531234271475,38.81332793466426,41.605436220659065
aquatics,TOMB,395,10,oxygen,0.5077698083520664,4,4,92.82448227350397,190.01409780349354,152.54550416191648,116.68925501896189,109.51311353064304,56.32536968299074,92.01868456010989,132.61747573823544
aquatics,TOOK,134,10,oxygen,0.1981449599378745,7,14,9.291549808748314,0.9946102352740167,2.4070338664284003,1.6169240314440594,0.9776128028014823,1.4784160983984416,4.211453458929538,6.587940169132434
aquatics,WALK,837,10,oxygen,0.14577124341716094,5,6,112.92252860983109,319.08105176912454,28.454546924865838,9.551318530008443,13.059764135566846,7.295758013782383,12.72001365783389,18.180271234192674
aquatics,WLOU,859,10,oxygen,0.1112913282992453,5,7,76.70789212165816,199.17999957891763,10.564304276228414,9.754238821553997,7.628729063131335,5.504675075482633,28.191320769620074,6.154908912409566
aquatics,BARC,740,10,chla,4.879505503269291,1,39,1151.4329043746345,1090.052310747481,1585.404030453796,648.5688111281584,1012.4363809152642,506.1636959854583,586.3014644991631,966.7770725035847
aquatics,BLWA,447,10,chla,4.332882852384982,2,7,7979.145778670343,8035.853528137084,5711.817017442779,4187.82451124614,3551.699708661278,3318.497152679595,4813.048526255265,3385.0324820719716
aquatics,CRAM,336,10,chla,0.43071497385365454,3,3,50.877644922577794,78.72337617530137,69.1167757848197,47.57462737379561,47.358138219520185,46.75116864642088,53.057230055850624,61.691079014443574
aquatics,FLNT,757,10,chla,0.5263558746018421,1,10,92.55325266439094,89.56894697261284,63.55408030035655,66.5337950331581,51.97200332124494,43.87154170185048,54.136196086852046,50.4808697393292
aquatics,LIRO,315,10,chla,5.8030591439590795,1,16,1633.1408638330568,1956.598045133345,1831.972398534477,1107.5302390790594,1363.433889670387,1228.798481603944,1251.9196948836109,1385.5216129063201
aquatics,PRLA,91,10,chla,1.485764722320631,6,2,362.8266613957727,266.5958855892349,721.7196619831691,507.6182125418215,88.56727514322351,80.45233543794896,218.20012652154514,73.45130892541566
aquatics,PRPO,209,10,chla,11.380385967201217,4,6,17003.090590118416,15467.391000667087,28180.400995423635,24557.905454872925,10577.237836132423,12071.288912073778,10433.602667428777,14595.47327911189
aquatics,SUGG,694,10,chla,3.7941367147421556,2,14,4583.814171242321,5640.908889997678,3311.4256697087862,2192.853397990721,1783.78563122504,1959.070400144212,2112.7355384223347,3300.78166326474
aquatics,TOMB,403,10,chla,4.329754026642101,3,6,26186.402041002373,26678.12814709472,5635.8516763761345,6658.745818200981,5277.2804846787185,4646.688250895017,3922.419392992596,6588.37466123434
aquatics,TOOK,134,10,chla,0.28540151546714315,2,6,7.566880670515122,6.285100141943788,5.129052137883223,5.5601904607979815,6.297308713050271,4.497280912838564,9.938751747641907,4.36894906556824
beetles,ABBY,20,5,abundance,0.0892973275618899,8,4,0.004817760024833555,0.04067486074860869,0.34422820193838155,0.018474755772439972,0.1308152095719028,0.1380186241507248,0.10091375164948267,0.15239684067877357
beetles,BARR,6,5,abundance,0.6822096180869466,1,33,0,0,0,0,0,0,0,0
beetles,BART,20,5,abundance,0.17555421398778168,1,6,0.20897926858434057,0.16810002450969894,0.18223427631229153,0.24053178084312904,0.24242004346565155,0.2523719708217673,0.2053149726678214,0.1629487039895555
beetles,BLAN,25,10,abundance,0.10041508552875791,8,22,0.00211338838870442,0.004792187445600915,0.03768409578447168,0.0011703048682532174,0.018064370543667965,0.006577532431769243,0.15334266493400395,0.01796146615473773
beetles,BONA,13,5,abundance,0.7639484933174329,6,22,0,0,0,0,0,0,0,0
beetles,CLBJ,32,10,abundance,0.037898354999089966,4,29,0.001121876581944421,0.0020820437521973565,0.0035089015017520336,0.0018004826106408412,5.226311213659049e-4,0.006809694054125166,0.002386328115363699,4.1623013976805126e-4
beetles,CPER,30,10,abundance,0.11620101770909347,3,2,0.7899914108095042,0.7246213427273098,0.9853174367919685,0.21964723928774324,0.3260399676095733,0.4798798884390248,0.3991953738506697,0.3530239799399897
beetles,DCFS,18,5,abundance,0.09871608061200192,8,35,0,0,0,0,0,0,0,0
beetles,DEJU,15,5,abundance,0.1153742165656897,3,15,0,0,0,0,0,0,0,0
beetles,DELA,27,10,abundance,0.06978969300943949,7,27,0,0,0,0,0,0,0,0
beetles,DSNY,28,10,abundance,0.08484079555024271,7,34,0,0,0,0,0,0,0,0
beetles,GRSM,24,5,abundance,0.31425238600342165,1,33,0,0,0,0,0,0,0,0
beetles,GUAN,28,10,abundance,4.837216401651511e-4,2,27,1.3143949189300649e-6,9.092322916019056e-7,9.502500522908675e-7,6.10819901340457e-8,2.1492834534094496e-7,1.0467423732729847e-7,3.5441728377989813e-7,1.3005305352244117e-7
beetles,HARV,20,5,abundance,0.1224487930633689,4,32,0,0,0,0,0,0,0,0
beetles,HEAL,14,5,abundance,0.06194886696847169,6,33,0,0,0,0,0,0,0,0
beetles,JERC,28,10,abundance,0.008291372413231485,1,7,7.864047780312714e-4,4.045888691720358e-4,7.197843381815994e-4,8.008385674426661e-4,7.763752025589341e-4,8.52078515866747e-4,5.333980681452856e-4,5.801705764852755e-4
beetles,JORN,30,10,abundance,0.0749010871102282,7,28,0.003623268149003874,7.961007867656154e-6,0.0010344453226683425,0.16303548130524914,9.296340623154343e-4,0.028345909457353616,0.023732634419444062,0.002060274484272819
beetles,KONA,24,5,abundance,0.21469866550942826,8,33,0,0,0,0,0,0,0,0
beetles,KONZ,24,5,abundance,0.21111884033404624,4,38,0,0,0,0,0,0,0,0
beetles,LAJA,28,10,abundance,0.7378648090506111,3,8,5.434451793378355,5.246290662594919,9.648783774039062,0.652609545844645,0.34440112666867073,0.16716874596745981,16.461438845534815,0.2825546055698513
beetles,LENO,29,10,abundance,0.0757113474478486,5,36,0,0,0,0,0,0,0,0
beetles,MLBS,22,5,abundance,0.2012568407914611,1,6,0.37743380027202494,0.2952735318904345,0.3512703861040536,0.29716301335532985,0.29301892312550526,0.33892440419514736,0.31507638055435905,0.3474532895796253
beetles,MOAB,30,10,abundance,0.09723391507124847,6,29,0.004527651138473447,0.05364482334649436,0.0036027789662795157,0.023544412847195235,0.009179428676688391,6.02446496058741e-5,0.013712827698869001,0.008636951853131302
beetles,NIWO,14,5,abundance,0.1219095202687141,8,6,0.27670870213985294,0.5776790423407859,0.24682365857203548,0.06301292615973803,0.039196781030224705,0.062138830216277925,0.05719480814040421,0.022456764989959684
beetles,NOGP,20,5,abundance,0.11368364880893428,6,36,0,0,0,0,0,0,0,0
beetles,OAES,42,10,abundance,0.1262881477371184,2,39,0.020065702809077202,0.029584936064098212,0.010669109967789187,0.01646675518835669,0.021071947222488088,0.005761704880755965,0.011152813358385087,0.015079170507094584
beetles,ONAQ,21,5,abundance,0.0013880334242687294,3,32,0,0,0,0,0,0,0,0
beetles,ORNL,28,10,abundance,0.11583703448782595,7,31,0,0,0,0,0,0,0,0
beetles,OSBS,30,10,abundance,0.057456921999344,5,30,0,0,0,0,0,0,0,0
beetles,PUUM,27,10,abundance,0.2778919675760461,2,26,0.07068854400246181,0.11967467501955925,0.08973531267577826,0.18811973889450395,0.09001707466447699,0.07725789992451368,0.12111520226435353,0.18394521277215203
beetles,RMNP,18,5,abundance,0.13830909418076237,6,9,0.302933499982818,0.3076895842935672,0.03302485122323789,0.03367888547459267,0.3648413940325705,0.010822220568843657,0.08529643277126372,0.12068307026975625
beetles,SCBI,25,10,abundance,0.3452669769672839,7,37,0,0,0,0,0,0,0,0
beetles,SERC,29,10,abundance,0.24530881255652362,7,22,0.0728344215352702,0.0715475648531332,0.552851558629053,0.15423660640622947,0.016692483841382565,0.025359907101303845,0.04307233179972319,1.1609070643439143
beetles,SJER,40,10,abundance,0.1733526188157293,4,38,0.013454855994901569,0.20515084538805245,0.4544962716034224,0.03934608539859456,0.6905500902889847,0.006022992109034951,0.23317836772946285,2.730393553328503e-5
beetles,SOAP,23,5,abundance,0.07153169220088906,5,29,0,0,0,0,0,0,0,0
beetles,SRER,32,10,abundance,0.09152972442608324,4,36,0,0,0,0,0,0,0,0
beetles,STEI,18,5,abundance,0.4888211414849585,7,25,0,0,0,0,0,0,0,0
beetles,STER,22,5,abundance,0.3105890252424644,8,16,11.421693491444636,0.05248363706093,1.0776954188160572,0.048366441900509975,0.11000402897420136,0.6919191837662074,0.1112130728196494,0.35583331868007323
beetles,TALL,27,10,abundance,0.0420380920103807,3,26,0.0013407240898049178,8.524911268458309e-4,7.547324264104063e-4,0.001437072889714476,0.0037513820318149983,0.0011646312897506362,0.0030759602582692974,0.003920377638980903
beetles,TEAK,16,5,abundance,0.048117707751982666,1,3,0.020244956760665306,0.020457026624796,0.018485027939960565,0.015906999674705533,0.021619167123202183,0.013445828884945223,0.024424383786938144,0.0220098245065821
beetles,TOOL,8,5,abundance,0.866961494072958,6,13,0,0,0,0,0,0,0,0
beetles,TREE,19,5,abundance,0.11233231047696231,1,18,0.010948508630157684,0.01443428690427282,0.008890254285855707,0.00936799495317506,0.014095409971821609,0.00940944984761517,0.010220046769572728,0.007858567825468246
beetles,UKFS,29,10,abundance,0.08339225596329342,6,33,0,0,0,0,0,0,0,0
beetles,UNDE,17,5,abundance,0.10783859636152783,4,25,0,0,0,0,0,0,0,0
beetles,WOOD,18,5,abundance,0.05416921757879511,1,7,0.008542877376618508,0.012065587255222505,0.011299123246441252,0.01294304624591354,0.017631424323309067,0.013291858588509774,0.012553059767419928,0.01607268025303878
beetles,WREF,20,5,abundance,0.174344636741716,2,34,0,0,0,0,0,0,0,0
beetles,YELL,15,5,abundance,0.16232216638082386,5,36,0,0,0,0,0,0,0,0
beetles,ABBY,20,5,richness,3.2073822432649526,2,10,24.970841937766394,34.8028466410009,67.11973763853963,31.602720261274673,55.05958581484733,81.85939403364091,23.125766835976208,53.61207667822377
beetles,BARR,6,5,richness,2.3574457929434276,3,23,0,0,0,0,0,0,0,0
beetles,BART,20,5,richness,3.4444759899284523,2,8,54.13711957412212,36.57348181941897,59.74135597319777,88.52621397219909,68.21986711193864,76.60279537016993,101.22582448812787,57.83807026225411
beetles,BLAN,25,10,richness,7.636574331046612,1,34,0,0,0,0,0,0,0,0
beetles,BONA,13,5,richness,3.012941066436993,2,37,0,0,0,0,0,0,0,0
beetles,CLBJ,32,10,richness,1.790154060254354,2,7,45.11572668321419,34.626817905851205,22.934467169345627,67.82018808251227,40.080562237468136,98.21012216156441,26.61143006092858,31.21763450863937
beetles,CPER,30,10,richness,3.1559548195822433,8,17,346.70899144502226,66.90150251035314,27.07880815202753,10.969827879516425,1.1588848709388773,17.6931222183591,9.052610458528402,69.71463206212809
beetles,DCFS,18,5,richness,7.701410902483316,7,29,0,0,0,0,0,0,0,0
beetles,DEJU,15,5,richness,4.214301669316045,7,22,0,0,0,0,0,0,0,0
beetles,DELA,27,10,richness,2.343198690901776,6,14,59.344083428937196,101.52379684046251,38.81766446903345,10.378694348209358,12.642654768467096,8.777261018582431,19.154877378285228,20.793984325889255
beetles,DSNY,28,10,richness,3.1874071222963196,1,34,0,0,0,0,0,0,0,0
beetles,GRSM,24,5,richness,8.051918615822775,3,34,0,0,0,0,0,0,0,0
beetles,GUAN,28,10,richness,0.25753946596708677,6,34,0,0,0,0,0,0,0,0
beetles,HARV,20,5,richness,3.7914232631554805,6,14,8.344693514612322,46.42911466431746,18.16101133268177,103.29809598774116,34.77112635795579,101.20111816761668,32.10294115950269,129.45139717832052
beetles,HEAL,14,5,richness,3.2828795722222717,2,26,0,0,0,0,0,0,0,0
beetles,JERC,28,10,richness,1.4144077638726535,2,8,33.92541929491168,6.60195028827088,25.912462280634866,22.810772201550787,39.34150671856189,29.85448778090251,15.416930238231185,12.39512595884102
beetles,JORN,30,10,richness,0.8058647526103675,1,3,9.72298855101653,8.368432012079953,9.055003298337352,16.91697816173493,9.015814701803016,9.969190029045398,11.038285812217795,7.5757043525325125
beetles,KONA,24,5,richness,2.764403522160492,2,2,180.9353605608863,175.78874594764716,138.16840646221826,98.77888382352741,110.53406897912065,70.15890929026551,126.91777863657248,118.03684629976166
beetles,KONZ,24,5,richness,5.034080756800244,8,21,92.31700511171834,42.09652026201353,66.16943868362084,23.534792496392498,36.33223302288863,6.428763656278362,29.61155585132102,38.22497630532559
beetles,LAJA,28,10,richness,0.7762643905063876,4,6,17.261559575306322,4.6395222141096095,22.928961046564023,5.515058228651671,8.467593389537402,4.298972913432121,19.79396707557748,10.425641747297584
beetles,LENO,29,10,richness,1.2984128325096655,3,8,44.43562589959355,47.94059167777445,29.170650020634103,25.0848813037017,17.310406974350258,8.715016869613994,21.26138841568602,17.408405669516196
beetles,MLBS,22,5,richness,3.6313817446845875,1,8,78.3050420034815,73.82885278948775,50.264824492226005,49.38473710518072,76.19273401458365,52.657767233600595,40.40668949078953,50.99711109575837
beetles,MOAB,30,10,richness,2.2263572649310155,3,34,0,0,0,0,0,0,0,0
beetles,NIWO,14,5,richness,1.260027764268579,6,9,11.189746653346655,87.31724003219001,34.79867050172047,13.940087196137194,5.316596475746478,8.71259359529359,5.083237817737816,3.775203124653125
beetles,NOGP,20,5,richness,6.923198752022074,7,23,0,0,0,0,0,0,0,0
beetles,OAES,42,10,richness,3.5239321855391705,3,39,22.013153681124283,18.992889083383993,8.396911585945873,19.793794349613464,23.747993241454726,4.055928321703023,23.94880126762048,4.584500670316754
beetles,ONAQ,21,5,richness,0.4665696303389758,6,35,0,0,0,0,0,0,0,0
beetles,ORNL,28,10,richness,7.345666280681614,5,34,0,0,0,0,0,0,0,0
beetles,OSBS,30,10,richness,3.558429706111016,8,38,0,0,0,0,0,0,0,0
beetles,PUUM,27,10,richness,2.424295300433448,7,34,0,0,0,0,0,0,0,0
beetles,RMNP,18,5,richness,2.352435252516836,2,32,0,0,0,0,0,0,0,0
beetles,SCBI,25,10,richness,9.525087840098903,5,38,0,0,0,0,0,0,0,0
beetles,SERC,29,10,richness,7.409821065555052,2,34,0,0,0,0,0,0,0,0
beetles,SJER,40,10,richness,1.1087733886236357,6,33,0.17654936266795346,8.284848402181643,18.088158683445496,0.5948746400759892,26.887248871505683,0.14604940766426835,1.0576843459105545,2.5390401882105955
beetles,SOAP,23,5,richness,2.318591079254616,5,20,3.2446263526115833,4.656783421447608,19.01776669967124,16.34474122382867,7.204083167679974,11.005072869494517,2.829861313351625,6.556038561782213
beetles,SRER,32,10,richness,1.7984716178345017,6,33,0,0,0,0,0,0,0,0
beetles,STEI,18,5,richness,5.529188737849833,2,25,0,0,0,0,0,0,0,0
beetles,STER,22,5,richness,4.7657466060602305,1,8,111.5669008423379,122.48733986169486,154.40752530622964,113.74952915046767,120.177192199536,148.57386798276545,135.11238493565253,91.6915170806232
beetles,TALL,27,10,richness,2.0241024058210093,2,16,25.12678614413967,20.76351159407325,12.192113961557627,21.730619414141042,12.27020711195494,12.807887226518147,10.041023937059755,13.80533875296868
beetles,TEAK,16,5,richness,1.7275662794810507,7,30,0,0,0,0,0,0,0,0
beetles,TOOL,8,5,richness,2.2362317991930585,2,4,15.973092857142856,12.286614285714286,9.016807142857141,16.013490476190483,14.328476190476188,18.287938095238097,20.07119523809524,13.474135714285712
beetles,TREE,19,5,richness,4.063863225159197,3,14,33.11783204023359,74.54996343494824,94.18600930095015,25.521393130510702,103.39934580917016,13.704748127491708,9.978966456909108,24.02116086512387
beetles,UKFS,29,10,richness,8.368041908314654,3,36,0,0,0,0,0,0,0,0
beetles,UNDE,17,5,richness,3.7849904188238357,7,27,0,0,0,0,0,0,0,0
beetles,WOOD,18,5,richness,2.242738430282646,4,2,49.480350954600944,34.166004098842315,183.35512356222193,98.29465806415806,49.910158094846345,73.00123261297526,86.6322048745371,106.82704551559543
beetles,WREF,20,5,richness,2.810698674707056,2,36,0,0,0,0,0,0,0,0
beetles,YELL,15,5,richness,5.15711029507374,8,16,0,0,0,0,0,0,0,0
phenology,ABBY,943,10,gcc_90,0.0034813093774231606,5,8,0.020869247604756447,0.06462417696876316,0.022299006377009406,0.0062970637061932075,0.006024996201857827,0.008760573492908588,0.007162835186695352,0.00573594274485394
phenology,BARR,530,10,gcc_90,0.00193308487042037,6,2,0.0063019271069609615,0.008696796789530002,0.007867535553397018,0.003993072925492888,0.002979099010440356,0.0018486146534330903,0.002026192807767278,0.0018268998469135238
phenology,BART,944,10,gcc_90,0.007553819179423098,2,2,0.4574799213228495,0.6440680231400687,0.24020242293102573,0.08229190931104056,0.06319380926314,0.07563894662523474,0.057225336924600544,0.062465877546918666
phenology,BLAN,947,10,gcc_90,0.008368596958196462,4,8,0.32155198226833864,0.7329593123348456,0.22977930637103228,0.040580271972550874,0.03144452295877799,0.03618892357199951,0.03304318923103354,0.04855300955573258
phenology,BONA,631,10,gcc_90,0.0019732372425708823,3,4,0.062488569842751265,0.09814159217031762,0.01376104956011439,0.02494181670035471,0.0037712876634787354,0.0043223767411396646,0.002531680138346949,0.00561383463024561
phenology,CLBJ,944,10,gcc_90,0.004622236121281005,5,5,0.11648031186971643,0.21055004902076882,0.09382292793828478,0.018341687102675055,0.028436314084671822,0.008120399477125402,0.017849027938576855,0.02015977092269015
phenology,CPER,943,10,gcc_90,0.00645033507457499,4,29,0.030700461570281157,0.015155348291626413,0.032568631423750216,0.010999291236273172,0.0033802349397606167,0.005132276391211793,0.005565635714594845,0.0037737083381967676
phenology,DCFS,946,10,gcc_90,0.0055457052030564264,3,7,0.08829108949993052,0.10145725925080115,0.05444737795442739,0.04978428115123446,0.013316305019859089,0.01866575010243294,0.01603679157657891,0.012351895032870963
phenology,DEJU,681,10,gcc_90,0.0012968282260137308,5,3,0.030926275946431624,0.08627919747463297,0.0038349422577864055,0.005995506517760163,0.0015434593725382733,0.0013830469380117637,9.960096181690081e-4,0.001148924210417241
phenology,DELA,949,10,gcc_90,0.0056762980936645065,4,2,0.10388131892140016,0.20943675787110003,0.29271692195066257,0.04294906374455877,0.028024413876192325,0.031200281034036992,0.03854482289819663,0.03889514336622381
phenology,DSNY,945,10,gcc_90,0.010039770092941042,3,6,0.19780254645384673,0.26031284739191607,0.14055322381404983,0.060764521488758584,0.06593655260261436,0.08775352851581926,0.06889256731231512,0.06644458471800024
phenology,GRSM,949,10,gcc_90,0.008228762206532382,3,5,0.21138300213391978,0.5847508517889243,0.37197269330935717,0.053140832684207676,0.04843089363082705,0.05645977722305445,0.03932318961334758,0.07117314621024394
phenology,GUAN,927,10,gcc_90,0.004609355959806468,7,4,0.019989847346831,0.038372699879290324,0.037922175155150076,0.034547724800419725,0.026063642276251953,0.015984095275104464,0.04845746495829162,0.014633930436966853
phenology,HARV,930,10,gcc_90,0.00840322958929087,4,3,0.42874875944567326,0.976493261221997,0.1832589715132152,0.06347811197513159,0.060766711553449364,0.04401983224032592,0.05823245676897815,0.07619173770591665
phenology,HEAL,672,10,gcc_90,0.005045146842071987,4,5,0.14152965078251253,0.14631970366987906,0.02886223947077676,0.022249002363223302,0.011396648870018448,0.009862998989447884,0.016588597652343298,0.013641131396755154
phenology,JERC,945,10,gcc_90,0.0039774813212839315,3,6,0.026424280245873927,0.026469383888353803,0.02143665218133823,0.0125612318826059,0.007832682821858287,0.010277629438981827,0.010691972576892724,0.009408187709223597
phenology,JORN,948,10,gcc_90,0.003266374334462616,4,10,0.018218700879988205,0.01103640754242371,0.00637098677124166,0.007596104629764236,0.005387005525609285,0.005286357934215971,0.004865644228940312,0.0046223739587882935
phenology,KONA,943,10,gcc_90,0.015622536709796556,2,16,0.11809691807965701,0.09190510110045048,0.11294969942317473,0.08257550159049791,0.04557925080413007,0.05488480959668779,0.05508233453637388,0.04978884619526133
phenology,KONZ,941,10,gcc_90,0.006179364356756136,7,5,0.5595436103695027,0.2950685218342787,0.15849904612832116,0.046986542529670126,0.019854959121462387,0.02436096740177428,0.030100180849224945,0.04415829193724921
phenology,LAJA,916,10,gcc_90,0.005751253662405761,5,4,0.08334354239599347,0.07836172740207328,0.04594477054613258,0.034459627902162705,0.022095369636009866,0.0287883658639848,0.05562504868349916,0.02226937379528523
phenology,LENO,930,10,gcc_90,0.005842968066245714,6,3,0.07361607823844687,0.3317630036371327,0.18845417924919652,0.032841068346041016,0.031028377827274925,0.03492668090825688,0.025468419027838893,0.050999232039995845
phenology,MLBS,939,10,gcc_90,0.0070974823152387964,2,11,0.16178554942321569,0.29862365394495055,0.10712278919139022,0.026451338311682424,0.02123908193108102,0.022926423232934014,0.020595770078848212,0.023249002161110893
phenology,MOAB,933,10,gcc_90,0.002307890658927582,5,4,0.00974495976465994,0.013480778320686964,0.008475794028126676,0.006862208161826255,0.003963651849945208,0.003304279727518865,0.0062600264376481375,0.003922971960222509
phenology,NIWO,938,10,gcc_90,0.0019532261004621783,2,5,0.04441709888463489,0.03958740360984791,0.008876371552415907,0.006842188256792536,0.00526010075218486,0.005536795327916206,0.021746483070773665,0.0026624901881052523
phenology,NOGP,942,10,gcc_90,0.005588620743784449,8,16,0.035490631407695726,0.34530959862494054,0.03144576169960913,0.022137006133177792,0.007034839166934045,0.005929263590285236,0.012003237952695315,0.0055972636132623705
phenology,OAES,896,10,gcc_90,0.00370354484895944,8,4,0.23969126531343676,0.010413118505014663,0.04043274823877373,0.017576108349694416,0.009272435790728298,0.0061112635250717764,0.012909395481505806,0.012213403398330895
phenology,ONAQ,916,10,gcc_90,0.0012134734299926277,2,4,0.0022194455520532005,0.004030534860348091,0.004799209856944224,0.0023804195288554065,0.001116425843352647,6.535232134155427e-4,0.0013506427221974806,9.46841684725253e-4
phenology,ORNL,920,10,gcc_90,0.007960229468959275,3,6,0.2134760829979066,0.5160510712720302,0.3539868419495878,0.04117095733890396,0.03775678695256363,0.035578394680606223,0.04320867775922333,0.046606913649004524
phenology,OSBS,946,10,gcc_90,0.0021821480051296828,4,7,0.011005780670992928,0.025517319994285404,0.009403581117753834,0.003542597423452,0.003015145229352823,0.0026239169277129703,0.0030105457353559037,0.004046464040844038
phenology,PUUM,879,10,gcc_90,0.002679488031503553,3,9,0.0034572643482981887,0.006495377422993328,0.003219497802039964,0.0026498817437095186,0.00253773500469046,0.002980248847264669,0.002823337737634519,0.003134499954319419
phenology,RMNP,913,10,gcc_90,0.003018676330789954,3,4,0.09844155273475409,0.17488757085294934,0.02369154165848537,0.03196778087121368,0.011628670804396979,0.015358706250826278,0.039022545829508565,0.006333647626982671
phenology,SCBI,945,10,gcc_90,0.012676053535803262,4,20,0.3207718548527171,0.6939619014939288,0.2975458215466728,0.037069529141089755,0.027901832156385368,0.03519356816310677,0.03445453623559622,0.049438852269242335
phenology,SERC,948,10,gcc_90,0.006750560701043755,5,3,0.21643083909122332,0.6177151617774563,0.3426775031983644,0.0367321828104873,0.05954701360738356,0.03698631648444213,0.03230610616981423,0.04457328912340008
phenology,SJER,935,10,gcc_90,0.0014805908231818525,4,6,0.0030895218905706906,0.0019553389971512973,0.0038717063468506046,0.0022821741735355393,0.001858456191435377,0.0027272571716564376,0.0015158578528391635,0.0015176822580785685
phenology,SOAP,695,10,gcc_90,0.0014683814971460111,4,2,0.011197546421027394,0.0200851302139495,0.02241061544022186,0.0024593871781606394,0.008912059155696343,0.002614819979576658,0.0032250909787563203,0.002126012443604596
phenology,SRER,944,10,gcc_90,0.005641334229950111,5,3,0.15139764280354956,0.06877118390088016,0.09432302818495594,0.06866454578887995,0.027381063334454694,0.021871713485930616,0.028920313407007275,0.021214487961300255
phenology,STEI,945,10,gcc_90,0.009123798729831729,4,12,0.21295365439968827,0.4440810331533311,0.16729715354492072,0.03011774313961943,0.018645338243549338,0.045538827994436835,0.04598246655831709,0.03160464269509756
phenology,STER,919,10,gcc_90,0.004947683778355827,7,5,0.10022340872150788,0.028270702692330927,0.06218315807251936,0.03158858358838336,0.009324366981333702,0.011840158748150332,0.01701992109839034,0.019919916968032168
phenology,TALL,944,10,gcc_90,0.0014348270222328064,6,2,0.009265389609685735,0.051056525503094176,0.00850580646717921,0.002017534715233307,0.0018624215129369724,0.0014029823486055146,0.0015696329025542426,0.003946758474366846
phenology,TEAK,608,10,gcc_90,0.002056926244202025,5,18,0.0039777579889648754,0.010977844901993685,0.003456779778376277,0.002344300912085207,0.0014803381564357813,0.001775525466077421,8.221526675086865e-4,0.0013781311750103874
phenology,TOOL,578,10,gcc_90,0.004391870650678739,3,3,0.04912239035704473,0.06590847651448811,0.016162130227172715,0.01137434514234175,0.009618838208067212,0.0165975373812837,0.01135644270520964,0.008778050026721414
phenology,TREE,946,10,gcc_90,0.00848041579517279,3,5,0.2584907218283631,0.5077497270453574,0.23525491831137613,0.050593776014868745,0.032128070554619054,0.0631732623314196,0.06328922985648919,0.050286303036282586
phenology,UKFS,943,10,gcc_90,0.006935814106662434,6,8,0.4236594771899227,0.42258275920826804,0.11370575696968545,0.04648858542710964,0.01565636727859474,0.0209472504309975,0.03393959663507167,0.05536141348120988
phenology,UNDE,914,10,gcc_90,0.0063875417173823315,4,5,0.2000570000434643,0.4696051324421382,0.15681412410607523,0.03927604751975908,0.020940774883736593,0.03792733712745313,0.0434463323357797,0.0378683808936815
phenology,WOOD,950,10,gcc_90,0.006692342600228373,4,29,0.042516096761033684,0.0705164339639609,0.029460629640523386,0.027794947126036623,0.004759350348241995,0.007277708971712757,0.0044610361758939485,0.0040160083557313694
phenology,WREF,946,10,gcc_90,0.0019925624717304496,4,6,0.005317546472846472,0.052037317535062216,0.02152036919394707,0.009891251682977881,0.006978069393940043,0.0038979824529366026,0.005516800341885192,0.0038147073564258945
phenology,YELL,922,10,gcc_90,0.0012102494507203335,3,9,0.009464190110446136,0.023063399222897026,0.004027741647918025,0.009469170770135694,6.867237197263032e-4,0.0011951116172576844,0.002655734467137371,7.795010626938125e-4
phenology,ABBY,943,10,rcc_90,0.006460905789871343,7,8,0.06373820942445142,0.06518107999034987,0.14062646168064274,0.02077734179413622,0.021714228944271986,0.016725970036727426,0.025828745541777994,0.0220645570718657
phenology,BARR,530,10,rcc_90,0.009909758522038415,4,4,0.3879645977141022,1.1043738725602816,0.08995282169738991,0.0484437714260192,0.03037909932387378,0.05440032135355662,0.08513767864604696,0.030901084220436165
phenology,BART,944,10,rcc_90,0.012617118524785063,7,9,0.0987148764239165,0.4058689727912194,0.22060164194292942,0.06927759608120511,0.08653739240337889,0.11017623907555606,0.05758033336561579,0.06450700360186469
phenology,BLAN,947,10,rcc_90,0.00782193040412658,5,10,0.06249827290970645,0.1787399273435825,0.06969548354563224,0.05409514883779659,0.021550158174803748,0.034603540020597685,0.022989650569302092,0.032598037086108686
phenology,BONA,631,10,rcc_90,0.007758452236302772,4,9,0.04337431127778155,0.1718995980887815,0.06709219864162944,0.1000788969196083,0.017430101060457504,0.02387904564527758,0.014695373133200261,0.016274785936282454
phenology,CLBJ,944,10,rcc_90,0.006406866502326075,6,8,0.07002375529297851,0.05069419190031461,0.0890762266378393,0.03627121111415425,0.021918434445758254,0.019709844873670994,0.02268966802993578,0.01983629888175362
phenology,CPER,943,10,rcc_90,0.016233597060288197,3,11,0.178952889810943,0.3680722923464581,0.12076687796990354,0.4294602092729386,0.09564429600302085,0.08161927608899838,0.11584896946229795,0.0721007820315853
phenology,DCFS,946,10,rcc_90,0.01713419206583667,5,25,0.16021266154038538,0.998894823641684,0.08636627267761127,1.2186660676278638,0.04240089914450472,0.038331045180959304,0.06054093588749549,0.0292069803061603
phenology,DEJU,681,10,rcc_90,0.006604017930553927,3,9,0.036496404689848175,0.10046864788800927,0.07452426613802177,0.07085762196082944,0.016651252385719514,0.02339875952379412,0.010364300481670086,0.017895901961712323
phenology,DELA,949,10,rcc_90,0.008179300564086544,5,9,0.10368839087006103,0.1798599601653494,0.13561690043107893,0.03858954166134805,0.030765169518919635,0.0369618771788514,0.038710306243599064,0.04987714884147974
phenology,DSNY,945,10,rcc_90,0.007679586745612673,3,6,0.05744667506303124,0.07030727899276125,0.13012273243312075,0.03843772128737267,0.03454778224871913,0.03678435402915536,0.030050444500406063,0.039405909900195275
phenology,GRSM,949,10,rcc_90,0.009997922789533355,3,5,0.19283898352598022,0.3100293699222809,0.17218714149180864,0.11813927538044196,0.06678563982795943,0.11203268716728834,0.06227890577597089,0.07744167639277025
phenology,GUAN,927,10,rcc_90,0.005009517562212811,5,6,0.020091367553797052,0.02894574187787166,0.04815566392776271,0.04544788928269343,0.014355078997923317,0.017485276301104344,0.02767296631595432,0.015723842334879005
phenology,HARV,930,10,rcc_90,0.012946258462353378,3,6,0.1661238321467329,0.33437589401749634,0.20074906817689803,0.18162015271222276,0.08413610747313789,0.10797732962752275,0.10584599845092149,0.08918611736201866
phenology,HEAL,672,10,rcc_90,0.012267979428207919,8,2,0.2346528239834072,3.483342534277441,0.28123253613134197,0.05674915966984707,0.11085806832313666,0.05341813918885021,0.09229241037171822,0.11128613331734372
phenology,JERC,945,10,rcc_90,0.0041864090859745386,4,3,0.052066954012517486,0.029744312515495752,0.056628894747029604,0.02087137579619918,0.015215433521453088,0.03509950679672042,0.01665837327014702,0.014299644578600414
phenology,JORN,948,10,rcc_90,0.005738543880346761,2,4,0.03450467814946607,0.0335284707401796,0.02972006966409897,0.02509576674687694,0.023143908913078465,0.015828491224683168,0.02368540100705675,0.021846786698609733
phenology,KONA,943,10,rcc_90,0.011902795207417986,3,3,0.14374264228132808,0.2737351924173604,0.15733155849322647,0.2353369289253344,0.09791243940489949,0.11673416666137618,0.11174986288230349,0.10948618627916609
phenology,KONZ,941,10,rcc_90,0.011646699529420755,3,8,0.43750426105872064,0.32275391726794866,0.3054100356553957,0.11777436935670459,0.07117153362675083,0.1162038605972038,0.06077090264396442,0.07479024587574
phenology,LAJA,916,10,rcc_90,0.0056502189112959955,6,5,0.055915226651624676,0.053055994459080186,0.03669572065813189,0.02690619910734287,0.022701921984428577,0.02468547958767384,0.04479184548510431,0.019484991123930265
phenology,LENO,930,10,rcc_90,0.008865271779937784,4,9,0.10182952431450674,0.1938008053630227,0.12012853187047312,0.044539358735076535,0.02995313167648779,0.030112742499822442,0.03754792365446,0.05854520793736978
phenology,MLBS,939,10,rcc_90,0.010607843924421904,4,8,0.099355539984981,0.186628521716071,0.16023565657447844,0.07790564404200351,0.05049474898800984,0.08459776369136181,0.05564586458274301,0.04947666221310365
phenology,MOAB,933,10,rcc_90,0.012575743263281612,4,4,0.1967429962736939,0.9217945912678943,0.26549729542857575,0.7081976698911447,0.11981190397836478,0.0981717314173725,0.1427373295805068,0.11849772063691366
phenology,NIWO,938,10,rcc_90,0.009362831918979604,5,5,0.21830911512292375,1.2236309063799669,0.22365685355953405,0.2423543573550721,0.06907489538817026,0.09179918170087299,0.4850926653146576,0.07136108623707
phenology,NOGP,942,10,rcc_90,0.014901284562768345,4,10,0.233325906744102,0.561350669622336,0.14647344532161646,1.2866796449705131,0.09656450905903727,0.08133350351925225,0.08740650693601587,0.06634739644106628
phenology,OAES,896,10,rcc_90,0.0086327051418218035,4,5,0.07410423893786763,0.07242767803343829,0.10672875952117071,0.10513468568630328,0.04805869835485041,0.06366165875432758,0.043060028782389806,0.04370734409987695
phenology,ONAQ,916,10,rcc_90,0.008822849264255847,4,6,0.09356815838016637,0.541230180402865,0.14469887302740603,0.44553225432546556,0.06660541530414958,0.04040488961258016,0.0614907697221813,0.07161328271788465
phenology,ORNL,920,10,rcc_90,0.007949731277298755,3,3,0.1067794694973559,0.21000605685688978,0.17068249424001308,0.08041504607041902,0.04856806689601364,0.05452900580413688,0.06141007885002902,0.041423920189360655
phenology,OSBS,946,10,rcc_90,0.005524063813234222,3,17,0.044971940057357725,0.019610625087960406,0.02916418700034764,0.018274134638362846,0.006917585444676562,0.032295379870821365,0.010563408841746384,0.008410299932057231
phenology,PUUM,879,10,rcc_90,0.0038236810249158977,3,9,0.008612039822979525,0.005692206785327556,0.008575259819358855,0.00855582269111192,0.005363478326785883,0.012123540136622925,0.005824430704718466,0.005766328031775973
phenology,RMNP,913,10,rcc_90,0.012707391212519598,3,8,0.11361155123633845,0.205173431736645,0.09727033420523162,0.2695556096188046,0.1480814538686297,0.16475166004039007,0.09619907019369557,0.06805998430528175
phenology,SCBI,945,10,rcc_90,0.007988299997064264,4,3,0.16157775441382927,0.3390313116180311,0.1649981957484098,0.10670778676904462,0.04595394402548089,0.12822719739313446,0.0539033953103547,0.0638991534711713
phenology,SERC,948,10,rcc_90,0.009913684594216135,3,7,0.17744984878969655,0.3574663666004229,0.2610020341683335,0.0713793743153297,0.0684524823380028,0.09388129054457725,0.04854553582411256,0.046808997910637175
phenology,SJER,935,10,rcc_90,0.0056561785979805145,3,3,0.0380065545550747,0.0525417118822002,0.0890167457080153,0.0716561441493023,0.04697754383513185,0.015481928248034732,0.02350504599081116,0.031118745904317836
phenology,SOAP,695,10,rcc_90,0.006373815661518139,2,4,0.02572316347299219,0.049368597838899964,0.09025075204716614,0.05343035094142951,0.05293513043837,0.033713435099399724,0.0317386721812654,0.026302006891278654
phenology,SRER,944,10,rcc_90,0.005463057195196467,6,4,0.08215565540440423,0.03995018442721866,0.07121044861503666,0.057587652796858464,0.026052377674142094,0.019510726473761675,0.020555759621190262,0.02156543788944434
phenology,STEI,945,10,rcc_90,0.009427014077743356,2,8,0.07312663138826515,0.13706236669830246,0.09538105169850747,0.08839800085841167,0.03891287945597852,0.05035965095250639,0.05101454025610733,0.02902906254499533
phenology,STER,919,10,rcc_90,0.011912188922520259,5,4,0.1826125675380404,0.5955029314584569,0.18657923773821258,1.2758645878045123,0.09412490087208387,0.0733268337201114,0.16695357559368312,0.08682550196438187
phenology,TALL,944,10,rcc_90,0.003609544607172059,5,2,0.02995203690960555,0.015430306707395551,0.04841585349245193,0.024158899003406925,0.010788422284686546,0.04105447546280045,0.012436344129902004,0.012638385615182605
phenology,TEAK,608,10,rcc_90,0.0064216811543877424,2,3,0.024843789215200963,0.045598239616795856,0.03900474955412225,0.047843223882212585,0.026607770339123565,0.039442811740479186,0.03328474565767707,0.02969161051169563
phenology,TOOL,578,10,rcc_90,0.013007646546176813,4,3,1.0595497848416848,2.040226035034948,0.15469942302492257,0.1308143006254189,0.06823561492700252,0.1577545597604189,0.09939858447649903,0.09362366529945218
phenology,TREE,946,10,rcc_90,0.013330339358232175,4,5,0.1680464400469421,0.515313305969974,0.27899639249385905,0.24405974934320462,0.10155266263195752,0.12997251040099267,0.16630885903265338,0.0815957357523943
phenology,UKFS,943,10,rcc_90,0.005675512163432718,4,4,0.04322118663072748,0.0722373538253043,0.08328745533464332,0.08445142105894916,0.020978081904507017,0.05307237569447791,0.02478846549828785,0.02330039939445385
phenology,UNDE,914,10,rcc_90,0.012680092160563521,3,7,0.13708807137694481,0.3814484365078404,0.22630152646212365,0.15307945671327974,0.08184381286138587,0.10530358616359997,0.09800558130780035,0.07175249917975372
phenology,WOOD,950,10,rcc_90,0.013084247507755194,3,8,0.3043567244001147,0.7705564394825107,0.17567272847655113,1.2033325848674894,0.08048997829679683,0.09392187980366096,0.09938334460006429,0.06923797459228971
phenology,WREF,946,10,rcc_90,0.005111509310739292,5,5,0.024920539905976778,0.045573776777868766,0.15020615550901945,0.028332424878958973,0.049778395355292375,0.03757328297234263,0.0473798003880816,0.02388271144777717
phenology,YELL,922,10,rcc_90,0.007874160415988202,3,12,0.023186442200657527,0.05318605300322725,0.03939722141895431,0.04663490698725512,0.017605116363123365,0.02492403223937606,0.030574138398388486,0.02487154135061313
terrestrial_daily,ABBY,668,10,nee,0.6664777661038208,5,9,186.34637039168064,256.8059235393961,1340.6759414121666,475.3439886143866,394.8147310671202,380.46051167421734,134.19374042365936,166.02319725607336
terrestrial_daily,BARR,238,10,nee,0.17101754018918877,5,13,9.116511501854086,30.183824890120395,4.268788332480937,1.805500179175881,2.163903811065488,1.7891535479292622,1.5341051126359033,1.7159375801257142
terrestrial_daily,BART,654,10,nee,0.9443793984939672,2,13,1207.8722895608018,1731.068475480044,946.5828291054632,442.9505575649395,286.8934494602858,169.28270241593282,206.8625159785951,188.13224877508662
terrestrial_daily,BLAN,725,10,nee,1.2023442837299316,2,14,1307.256712377659,2263.942959933859,1940.6018019404255,531.5795454908583,355.39994924191166,328.40522027227127,298.6726038850844,367.6026955048575
terrestrial_daily,BONA,594,10,nee,0.23700529968209494,3,3,53.99272573165102,110.53847039101535,131.15471507428498,93.51040258373366,34.10581868392391,24.76071347655072,24.57699957566254,23.22344024022635
terrestrial_daily,CLBJ,780,10,nee,0.7267281249566457,2,4,824.263828822041,1300.0291474423507,1272.9645452726797,464.1785537554192,409.98579066879796,251.45836937720256,383.03690999909674,316.39165306513155
terrestrial_daily,CPER,669,10,nee,0.5584696524840843,2,13,68.34702690369295,51.40708052522827,116.28302105911334,30.635773961544114,33.02964890781588,49.18121538347883,25.72648436830093,34.99153258146192
terrestrial_daily,DCFS,712,10,nee,0.46634812032487655,4,7,143.5905919610668,206.4970106568115,374.0273316440977,128.96868215878396,51.014694820627824,64.89009943442107,64.94135953133596,60.43121656236466
terrestrial_daily,DEJU,623,10,nee,0.2910669100388375,4,13,68.98360492530169,163.1340481244564,85.93268543345465,33.627360018103204,15.944600818648889,17.126592794073552,13.925762998117918,16.235056313179566
terrestrial_daily,DELA,621,10,nee,0.976100647380625,3,7,1178.1217322283576,2749.462832533947,3115.504819631344,418.3106319928218,376.96201530394524,352.4076085998931,362.58658701312277,388.345603192562
terrestrial_daily,DSNY,603,10,nee,0.6421703833586526,4,5,181.22413327536336,243.77552261242752,338.45466628970155,266.3419033682184,197.60166749317804,147.85104114040146,112.0684289771781,216.5084124718407
terrestrial_daily,GRSM,574,10,nee,1.1211510802501647,4,10,803.7092446793902,2821.937720954945,1713.8014438926193,333.94141943405356,251.92376954579726,295.2413705136069,266.8392097823352,499.7312335200734
terrestrial_daily,GUAN,464,10,nee,0.5245895333669216,7,5,102.38305398582872,278.44747598727895,628.8186783207625,134.26271102432145,220.52543685107167,98.2063421382258,107.12582068585918,103.9110673520032
terrestrial_daily,HARV,625,10,nee,0.782520579191566,5,3,1152.8295152469284,3835.8180737174193,1271.3208572465637,464.1681415009112,296.1937500997896,297.3021353641793,420.1981648310816,551.5158100715815
terrestrial_daily,HEAL,656,10,nee,0.2390909524333707,5,9,81.19244500841002,232.14053235616797,50.327306885731275,23.549234856452866,17.022553716952597,13.268218080792197,27.70723697831727,15.496716760293662
terrestrial_daily,JERC,698,10,nee,0.8703241810024878,4,13,225.72588142370483,485.53715211484916,1318.884529385079,338.5641770648879,183.71251735719176,192.70730848798314,213.37587708318867,275.73918417446964
terrestrial_daily,JORN,720,10,nee,0.3836543521566209,2,10,39.60352603057121,48.494743120484955,31.957216574381565,41.39827458510367,38.91057779312111,37.7132911187806,40.33760050381922,33.22328891339302
terrestrial_daily,KONA,582,10,nee,1.6728532471354376,2,15,792.9418228458136,824.8652190615838,908.548816706584,364.7481421721611,332.42829306322443,323.5375811869561,368.35890036788913,397.25600580999566
terrestrial_daily,KONZ,677,10,nee,0.654595300714052,5,8,491.0627681891499,858.9196474396372,1040.4987544976946,196.75056217017246,157.27231769229667,128.649164039282,148.83242702704146,274.732682214114
terrestrial_daily,LAJA,471,10,nee,1.1315963224713306,4,6,423.66746662851483,517.2296290875709,405.3318162549813,466.73062047781826,375.67187649658797,511.8943722775228,515.7898090757186,644.6692044227948
terrestrial_daily,LENO,344,10,nee,0.9726267872126603,6,5,524.508415319866,1022.517812228952,1223.925223881606,188.29294726689113,283.0501842642373,177.48441142110605,196.55572627578204,342.37914958313274
terrestrial_daily,MLBS,572,10,nee,0.680765933318501,6,5,367.83761549564997,1596.0408885666586,386.66460996592224,159.45414775055283,198.53735065304912,83.79345026523704,152.7535371133062,295.49761495512473
terrestrial_daily,MOAB,711,10,nee,0.12453150444708658,3,4,24.301676647605156,18.358660898704443,15.710993333740156,25.270824944243603,8.4338550534598955,12.813005823889297,9.400807134000889,8.540324917256731
terrestrial_daily,NIWO,559,10,nee,0.15869871933358864,2,6,71.65930173657097,71.89326530373653,14.511151711651355,13.157897750029035,15.170385254619557,9.711264201702663,41.859606081119395,8.15128956527861
terrestrial_daily,NOGP,614,10,nee,0.6783915396173201,2,28,85.53179035109656,131.36854047427053,119.64130926184096,67.50368936406683,32.0342487393843,35.39204971271296,40.78133372808701,28.36734250781648
terrestrial_daily,OAES,726,10,nee,0.936267172226812,1,30,90.03260973334251,98.7485253178184,128.80669046166832,67.36740033395911,50.08358586163055,88.25288576017441,55.71035888038556,57.36784139545928
terrestrial_daily,ONAQ,656,10,nee,0.3345809087821635,2,9,80.71862811615257,59.054516873139484,33.925287543472656,40.53833718417357,26.466330353944368,42.65363491054216,32.63524601982684,23.156296053904562
terrestrial_daily,ORNL,685,10,nee,1.0721640857746688,3,8,1781.9246487392502,5074.864147398415,3070.1683330814985,522.2535704785148,496.544311567368,461.59511146269654,430.8744766475679,457.42022575483804
terrestrial_daily,OSBS,505,10,nee,0.41026412668907664,3,7,70.30081665262227,52.19399495999145,109.2501782712901,127.38830938679713,49.51286403708946,66.92327256746997,41.5642220123057,60.04062960513308
terrestrial_daily,PUUM,379,10,nee,0.717199037289548,4,18,31.736546045209053,40.74983409033657,69.84082539599765,52.52800540108428,32.334939733571986,56.50810276530161,37.289940996518695,102.46027914733702
terrestrial_daily,RMNP,696,10,nee,0.8139239333211733,2,19,246.23865413147266,303.26235879094264,146.50942627235122,111.36756474023149,212.1327514007679,61.41609941795021,165.14441110160024,76.43463609142549
terrestrial_daily,SCBI,591,10,nee,0.7878195555029766,3,2,1609.5628731158422,2959.853888531795,1993.3666545451283,397.378640332958,377.6371559249394,306.98152770567367,319.1123176776681,797.856551105502
terrestrial_daily,SERC,686,10,nee,0.9966410755886701,3,11,1062.3121302152736,2532.6595523493497,1964.121429624931,295.6795182326017,537.7827207339175,191.10128956394533,329.85883642748195,233.29700983959512
terrestrial_daily,SJER,654,10,nee,0.6363749869646771,4,7,411.9182833785238,261.9081157320285,456.59642852467516,209.79397991016083,212.31885369739618,155.8396600721657,127.02025914519865,138.31641473692164
terrestrial_daily,SOAP,447,10,nee,0.381396209443937,2,9,64.93430003862996,64.24503557021615,46.78854715521606,48.81844914981071,33.78763323460043,26.65515277253576,25.034001567135505,28.759209224190393
terrestrial_daily,SRER,645,10,nee,0.16464866111617818,6,3,58.51154544028526,19.702805119054737,25.172930434823872,19.54170205359442,10.95529448310916,14.32470314320643,21.180494077211048,14.441184001239606
terrestrial_daily,STEI,762,10,nee,0.6541039603245729,3,4,920.8240896017478,2028.9865594535133,1890.529638916623,424.5375963673882,203.87964924815174,267.2982914537662,362.6792082573922,400.47854312427836
terrestrial_daily,STER,508,10,nee,0.6066467018874885,2,11,74.10950805217004,76.51960788758662,92.56065822506791,42.32962802160897,42.51577676709264,44.23071628839926,31.184011869463543,40.51556209454738
terrestrial_daily,TALL,489,10,nee,0.6690426742558256,4,6,118.39688313493697,161.76217393809358,556.5487685421728,207.6986737051212,93.53073435064394,133.983100449619,112.17348321750838,245.0228382721147
terrestrial_daily,TEAK,531,10,nee,0.34832640175572427,4,3,134.8963893903191,329.7777383100961,419.14146835375834,92.18941091665582,175.46184344034887,60.23185016905806,97.04365471906955,75.41282736961216
terrestrial_daily,TOOL,458,10,nee,0.32129746265810816,6,34,18.325265117033595,81.26812963927527,14.498618911903245,2.7590316100431824,1.9030652979265215,2.751830529406907,3.7225261645760352,2.1470974747188802
terrestrial_daily,TREE,695,10,nee,1.0002389127300368,4,15,499.81217011859843,1378.491274873134,1285.1661221054371,238.2723076425123,176.43813314996632,173.32781163783176,302.77403079074617,423.6420244222413
terrestrial_daily,UKFS,712,10,nee,0.8274364374840419,4,15,368.4355621874587,947.5898552556772,594.1446699607731,152.4365721902327,114.98859740479148,81.95667333582959,106.61886230760226,347.7790285965341
terrestrial_daily,UNDE,674,10,nee,0.6194841898857547,7,9,241.83474940687097,2245.016206128777,581.8940172234447,82.09939051379126,127.80031221335815,95.61092622573912,184.15770411104089,254.8239943022236
terrestrial_daily,WOOD,663,10,nee,0.5882427424414498,6,16,96.47522655711403,130.7637223654595,285.7216370576909,125.23288819466866,40.158611071024986,54.20324168612744,43.84064206377086,33.507766468596124
terrestrial_daily,WREF,496,10,nee,0.5571083169546714,4,3,299.766013510507,1048.1548798159342,858.6799582887778,217.18000594346333,216.2145363273783,181.61190281400397,133.53366255647333,198.53769430273636
terrestrial_daily,YELL,570,10,nee,0.2838540027693723,4,7,36.682599919849835,129.50984692329556,82.167793479958,64.2180687236772,23.414443813009722,18.942230106592223,30.352037394203936,21.77948835917138
terrestrial_daily,ABBY,668,10,le,5.522759967611575,6,8,15135.551574798581,137484.05666820856,525160.1143979144,34883.283227966895,16720.15373301733,6844.220861915091,9782.290111941615,10032.869001359273
terrestrial_daily,BARR,238,10,le,2.1373207012282656,5,5,4055.703485813644,12220.101287688607,4754.997820357906,602.9174834651536,320.0035307986573,720.5019065358747,765.0792972057723,433.64636311316866
terrestrial_daily,BART,654,10,le,6.047802603444508,2,3,203499.1693347267,392957.8411511654,253662.62558444604,67681.7426741527,42525.81878308866,25672.644616284597,35161.974156552336,31334.242832052718
terrestrial_daily,BLAN,725,10,le,10.638457142123853,3,11,221453.23179692164,624765.6190558973,617754.3499714177,100795.92165964628,37331.090930447004,38583.05446639469,45109.33909942835,27423.76159247077
terrestrial_daily,BONA,594,10,le,2.9436257906463554,5,6,31639.581759323144,106790.63957950858,30031.650089450035,10035.064558108988,3569.3895625342957,2452.082346040605,3508.6118805387546,2863.7614190079553
terrestrial_daily,CLBJ,780,10,le,9.444091295931665,4,5,243988.31461919833,666981.3541120267,577628.3911011164,81708.04260078903,51347.71051831936,42228.04658021917,60403.3440875005,76641.83034263038
terrestrial_daily,CPER,669,10,le,10.622995212055514,4,22,46956.50020867004,31561.38885804336,121316.89248968789,24430.18536425963,17124.38448561338,10883.526329968377,10903.2413908655,11198.025673190874
terrestrial_daily,DCFS,712,10,le,6.824246828181023,8,3,16219.665037323131,518970.1759821922,176367.41583175506,78381.80252693521,38255.91447541993,17407.0413044888,18612.840758939004,41022.331713610074
terrestrial_daily,DEJU,623,10,le,4.322390536279157,4,10,47893.558967516445,129089.79514690723,36311.81225936446,35713.05313823802,6345.959123607983,3472.468645149579,4453.25554482168,13977.007357436267
terrestrial_daily,DELA,621,10,le,10.10488765664556,3,8,204127.75542763734,462680.2224306079,739319.5284151176,106443.01976088808,33643.608256652595,37532.598718614296,66566.60076957472,43742.07547216597
terrestrial_daily,DSNY,603,10,le,8.757213512177296,3,7,63388.497665413066,118059.60038336669,176710.17975066093,42175.062707572084,42401.12994151082,30430.57108230093,27636.665561435853,30936.235526598848
terrestrial_daily,GRSM,574,10,le,9.166439936252127,4,7,105711.31074368616,418968.30686121393,395071.086575994,55728.190402684166,25911.38534742837,32098.545018130808,27336.352183753013,48988.17908973632
terrestrial_daily,GUAN,464,10,le,8.181911574072556,3,4,25487.042363408644,46627.29452834522,65237.59952239578,36309.878335257126,86783.0895397942,27453.367593467712,36943.08086255639,40533.130824579894
terrestrial_daily,HARV,625,10,le,6.751674711630332,4,4,122293.12213939091,453665.74753009964,278521.4744400287,63571.23575188256,25869.38941945608,20594.085383841506,33903.14850190834,34019.34956361674
terrestrial_daily,HEAL,656,10,le,3.8549131398517598,3,6,43196.43275563243,105324.7924823965,23613.506512358563,42044.61810237304,8999.836299140887,5947.708341058311,7108.017741067105,14304.17240760885
terrestrial_daily,JERC,698,10,le,9.310357460823719,7,5,50648.74549739993,243745.06598240972,827313.2829212868,52405.11839675786,39355.40637482701,36306.02133790751,46299.2734706547,147238.41881931797
terrestrial_daily,JORN,720,10,le,8.186118490179839,3,14,107611.78417972471,54756.8189834256,19026.727529133554,35533.47333052291,17595.741345974195,46445.952267064255,17701.895597574192,10928.25852895146
terrestrial_daily,KONA,582,10,le,10.831933439209179,3,5,129477.7015090849,157070.75966068974,368466.357305317,51245.76359114699,43227.5745472795,40828.31677787428,47865.93162270667,51711.19108461973
terrestrial_daily,KONZ,677,10,le,7.133596163878116,7,6,75030.3341078626,657206.7769393492,340734.77067501994,15826.033686068047,32698.82092881517,13352.036165617967,14254.475414789003,36175.17076842872
terrestrial_daily,LAJA,471,10,le,10.713311401542416,2,5,42397.18721497213,43606.62686170433,39253.93332184399,37689.30515310972,31876.31436511008,37054.673220337994,43195.03958784008,32731.297852851694
terrestrial_daily,LENO,344,10,le,10.708082995467732,5,4,73685.03839591087,163558.77475782766,379917.9544312688,42471.59972176417,27667.0470387856,32931.79560438639,29608.66346774886,54609.01296914915
terrestrial_daily,MLBS,572,10,le,5.334431873527947,7,5,12389.88694638005,212710.63161573664,67730.25841953335,14905.214260209379,10893.998242185078,7967.08535628542,10397.152804756413,36585.9148046915
terrestrial_daily,MOAB,711,10,le,15.178452205496024,2,22,25958.74695446055,26864.59053537744,21577.387547020793,22659.448595236776,24501.697827366967,20193.316675719634,17585.726742844323,29983.12713055573
terrestrial_daily,NIWO,559,10,le,6.525755382677832,3,3,75765.28544514773,108021.83004981221,47376.710308444504,54098.97247646814,32872.01406419142,40057.69919277761,40119.20491423099,25307.8058069286
terrestrial_daily,NOGP,614,10,le,7.785458025240068,5,5,104301.58199344597,350733.4631627647,226067.82296392554,44505.80962116255,30005.64350978053,19433.4161306261,21694.59761756717,21287.872670003057
terrestrial_daily,OAES,726,10,le,6.4887728641416595,3,2,206249.49496241368,212625.21122797276,173791.68752345958,39464.908872433814,29600.123702493125,34620.43353608714,43006.23543370833,34913.352023790714
terrestrial_daily,ONAQ,656,10,le,6.336740306977425,3,8,26532.61386422241,34631.551512413425,40895.04831725417,24887.334611301147,12918.400507641454,11004.797202147663,10438.85150502299,16700.795570940183
terrestrial_daily,ORNL,685,10,le,8.53633971466851,3,3,206109.913494762,604674.6312708256,600357.2351459679,125545.73469680495,46996.89932067392,53982.287870289176,50579.8628519049,76651.37380269643
terrestrial_daily,OSBS,505,10,le,7.497619009763223,5,14,11998.272691791573,37877.85071983544,119357.02996511933,15953.261518986877,8151.921248365934,5716.501836788421,13167.962503618273,10428.584122115566
terrestrial_daily,PUUM,379,10,le,17.09939472124156,5,35,9689.997966513061,16378.969025627857,38908.13436941351,13164.45172769708,14217.176919031437,13764.66429645503,14372.923765837158,11436.233047862366
terrestrial_daily,RMNP,696,10,le,5.9294143482880894,7,4,65745.53150321316,279095.64758116385,97230.77785778632,24453.653570521892,27591.729675842984,18322.541058091185,20203.861366671965,18660.36682110253
terrestrial_daily,SCBI,591,10,le,8.704710592654989,4,5,179057.55268498574,675406.3851721084,352122.1327976849,46450.680197887545,81143.68845020128,28960.535134052632,39266.84218514319,99688.06155987554
terrestrial_daily,SERC,686,10,le,8.99660695278909,4,9,127186.34163245054,601612.1348978278,415566.040950104,60471.0242623642,36898.09171289959,22260.098053272963,32885.54110365904,25874.260284616925
terrestrial_daily,SJER,654,10,le,5.067535500143335,6,5,24286.822393096852,54825.16094910242,115247.93724958588,42977.32116370646,45978.456138826936,6349.31669506566,9245.831775392124,16763.373939714467
terrestrial_daily,SOAP,447,10,le,7.08146027713055,6,9,16715.36351306415,12406.333583857415,73857.00244976806,13220.194254815311,21553.766373089056,3617.5670064375604,9943.993396404358,10535.497395923407
terrestrial_daily,SRER,645,10,le,4.218137527310032,3,3,70318.34663849534,38471.14526979168,38756.76476826435,37778.5421188125,12364.12222297659,32746.43603599913,9708.593083088845,9732.908002928445
terrestrial_daily,STEI,762,10,le,6.911668575904912,4,8,130545.96660530023,519629.0978140914,466388.70276621863,67633.91180363134,21301.04786922956,19029.519305596925,17387.158819377,25990.941916143143
terrestrial_daily,STER,508,10,le,11.428643062211947,6,26,49679.93406476082,28276.852999830116,122494.3350676374,16060.743622798642,20835.36154051457,7820.1590566487,7733.946828074446,4099.917338193522
terrestrial_daily,TALL,489,10,le,8.612347153538101,3,5,53877.69418190381,152979.04718835102,269938.39578923496,59527.481122501806,27212.13134106757,29024.846230389394,30695.51509956733,57843.000379792386
terrestrial_daily,TEAK,531,10,le,14.738520430925002,7,25,67704.56230237675,79140.95623501427,385706.6585696965,41519.34719215807,14165.853774571466,14652.816936130439,23414.22348407304,9994.693159568313
terrestrial_daily,TOOL,458,10,le,2.6066437139309224,7,6,11526.128135905175,76861.55927924946,14409.743260886426,3864.4119203616247,2364.543544659812,2005.177794137294,1609.5189932953137,6655.770356578123
terrestrial_daily,TREE,695,10,le,6.8120556239028005,4,7,108660.97676928643,443918.2146432362,297873.33002292964,57105.95794750315,23179.539607317067,15791.236480293815,17019.73122244331,24224.24012979055
terrestrial_daily,UKFS,712,10,le,11.145852323198415,4,13,247471.25628247292,631611.183723461,419868.5872577223,23823.427031580733,36244.93863409643,21700.959762401348,36633.66309632797,46528.74445506541
terrestrial_daily,UNDE,674,10,le,5.399906341091111,4,5,110184.8527882394,374887.58003950334,204818.39142339892,42322.02732613706,14519.075191059408,10927.940933630949,13444.469196588145,23668.024938132425
terrestrial_daily,WOOD,663,10,le,6.926649003266557,4,6,90741.251769011,228220.53452245874,181538.52304586113,64311.228766045664,24523.20598785234,16880.99453506289,16747.593720413133,15065.926275926797
terrestrial_daily,WREF,496,10,le,8.717841922774719,7,12,15924.72903460577,44393.00432849156,215042.69941076607,14079.647205770892,39407.68566738874,13879.33060537625,10693.128229806909,13884.258682573036
terrestrial_daily,YELL,570,10,le,6.624677761424585,4,10,46356.90796536131,142073.3477341175,218076.34413905581,42378.233112853835,15122.032888669064,8746.169920447615,10689.84006827303,9558.15393534883
ticks,BLAN,13,5,amblyomma_americanum,4.6719220495137845,7,11,4.409316585489198,10.0651258050096,35.56159424710369,11.445497024732084,71.29289180116825,0.9361557730351222,84.2202766644278,362.97834902051744
ticks,KONZ,9,5,amblyomma_americanum,58.587027905674695,5,3,21458.280388007042,17249.678227513217,47547.451684303334,29294.934312169302,34938.99923280424,40413.95648148147,43371.34634038801,1397.5434567901239
ticks,ORNL,13,5,amblyomma_americanum,11.297082127112235,2,6,752.7395788737043,810.8896690032753,817.7268996407602,376.9535695214109,445.15358710035827,767.5426728726259,330.0043793412742,605.4327706252631
ticks,OSBS,17,5,amblyomma_americanum,16.116610485960347,8,28,0,0,0,0,0,0,0,0
ticks,SCBI,14,5,amblyomma_americanum,5.842233292382289,7,5,90.34006974487134,165.56770533368666,141.46623858517995,127.86437759490602,386.1021711560415,52.27360974343036,120.5110871697814,1709.1089381787385
ticks,SERC,14,5,amblyomma_americanum,27.476508710756317,3,4,9994.846467384585,8539.50467022599,11459.665101497761,6965.979188728365,2530.1443324965935,6375.657680998452,7871.462596467103,19147.427052679297
ticks,TALL,13,5,amblyomma_americanum,46.9991069997648,4,8,4151.680444102284,7091.545293279626,22118.66071273905,5559.693353853768,25651.114133762243,2110.607148243189,5067.290305949108,4151.97006682107
ticks,UKFS,14,5,amblyomma_americanum,98.46423500472497,8,5,167150.0760292725,45632.85173165636,434659.46181257087,86931.8600919999,17641.578909116954,20582.7592873715,44272.01473036178,10772.63530732675
