theme,site,n_obs,target_variable,rmse,lambda,last_targets_date
aquatics,ARIK,570,temperature,1.715639079430937,0.077426368,12/31/2022
aquatics,BARC,784,temperature,1.7882911250890619,1e-10,12/31/2022
aquatics,BIGC,608,temperature,1.9599557016716258,0.097700996,12/31/2022
aquatics,BLDE,799,temperature,1.9786483801989665,0.019179102616724848,12/31/2022
aquatics,BLUE,670,temperature,2.5420785998448006,0.024201282647943835,12/31/2022
aquatics,BLWA,515,temperature,3.024552680106713,0.009545485,12/31/2022
aquatics,CARI,313,temperature,0.9637366988265579,0.012045035402587835,12/31/2022
aquatics,COMO,647,temperature,1.8135553254226366,1e-10,12/31/2022
aquatics,CRAM,403,temperature,2.6153501508270907,0.038535285937105354,12/31/2022
aquatics,CUPE,654,temperature,1.1624291267416849,1e-10,12/31/2022
aquatics,FLNT,659,temperature,2.1150724425193985,0.019179102616724848,12/31/2022
aquatics,GUIL,575,temperature,0.8684408256143866,0.00475081,12/31/2022
aquatics,HOPB,826,temperature,2.666468847890882,0.030538555088334123,12/31/2022
aquatics,KING,518,temperature,1.7339736074622802,0.024201282647943835,12/31/2022
aquatics,LECO,812,temperature,1.5659524147328565,1e-10,12/31/2022
aquatics,LEWI,828,temperature,0.9731138158864966,1e-10,12/31/2022
aquatics,LIRO,407,temperature,2.5658449155396528,0.038535285937105354,12/31/2022
aquatics,MART,802,temperature,2.3522867616828624,1e-10,12/31/2022
aquatics,MAYF,610,temperature,5.498377116025313,0.009545485,12/31/2022
aquatics,MCDI,814,temperature,2.8503862473986286,1e-10,12/31/2022
aquatics,MCRA,487,temperature,1.4814594380914197,0.009545485,12/31/2022
aquatics,OKSR,170,temperature,1.644767637175538,0.061359073,12/31/2022
aquatics,POSE,761,temperature,1.7205289261217949,0.015199111,12/31/2022
aquatics,PRIN,812,temperature,1.696841329859092,0.024201282647943835,12/31/2022
aquatics,PRLA,352,temperature,2.0275445163935277,1e-10,12/31/2022
aquatics,PRPO,408,temperature,2.0656709544198537,1e-10,12/31/2022
aquatics,REDB,636,temperature,0.9888770318404125,1e-10,12/31/2022
aquatics,SUGG,798,temperature,1.6600484360985333,0.009545485,12/31/2022
aquatics,SYCA,405,temperature,2.2833438807964965,0.077426368,12/31/2022
aquatics,TECR,802,temperature,1.1846705256960004,0.005994843,12/31/2022
aquatics,TOMB,470,temperature,2.770172480088646,0.030538555088334123,12/31/2022
aquatics,TOOK,156,temperature,1.8239602745136851,0.019179102616724848,12/31/2022
aquatics,WALK,799,temperature,0.8064181445964057,0.012045035402587835,12/31/2022
aquatics,WLOU,720,temperature,1.416239340386643,0.019179102616724848,12/31/2022
aquatics,ARIK,570,oxygen,1.7610802069156464,0.015199111,12/31/2022
aquatics,BARC,623,oxygen,0.639484254,0.012045035402587835,12/31/2022
aquatics,BIGC,794,oxygen,0.5443996497147502,1e-10,12/31/2022
aquatics,BLDE,594,oxygen,0.5010343534599035,0.00475081,12/31/2022
aquatics,BLUE,506,oxygen,0.6542092717072733,0.00475081,12/31/2022
aquatics,BLWA,331,oxygen,1.106874033,0.024201282647943835,12/31/2022
aquatics,CARI,382,oxygen,0.5313484809492226,0.012045035402587835,12/31/2022
aquatics,COMO,786,oxygen,0.8749424498110334,0.019179102616724848,12/31/2022
aquatics,CRAM,309,oxygen,0.613322894,0.002364489,12/31/2022
aquatics,CUPE,783,oxygen,0.1870069854650471,0.002983647,12/31/2022
aquatics,FLNT,618,oxygen,0.5671572007704146,0.012045035402587835,12/31/2022
aquatics,GUIL,723,oxygen,0.4730958737391868,0.007564633,12/31/2022
aquatics,HOPB,828,oxygen,0.5615842142489257,0.009545485,12/31/2022
aquatics,KING,532,oxygen,1.3976940169550387,1e-10,12/31/2022
aquatics,LECO,713,oxygen,0.3606865662974696,7.390722033525775e-4,12/31/2022
aquatics,LEWI,824,oxygen,0.4440346338854551,1e-10,12/31/2022
aquatics,LIRO,292,oxygen,0.724786999,0.001176812,12/31/2022
aquatics,MART,812,oxygen,0.5434945776346493,7.390722033525775e-4,12/31/2022
aquatics,MAYF,803,oxygen,0.353657261,0.002983647,12/31/2022
aquatics,MCDI,813,oxygen,1.730659414381289,0.009545485,12/31/2022
aquatics,MCRA,542,oxygen,0.6225198239077999,0.009545485,12/31/2022
aquatics,OKSR,159,oxygen,0.31962215342305034,0.001484968,12/31/2022
aquatics,POSE,827,oxygen,0.48433886,0.00475081,12/31/2022
aquatics,PRIN,791,oxygen,1.6367079929399087,1e-10,12/31/2022
aquatics,PRLA,91,oxygen,1.0690074173665272,0.012045035402587835,12/31/2022
aquatics,PRPO,210,oxygen,0.8777300842171791,0.019179102616724848,12/31/2022
aquatics,REDB,548,oxygen,0.533354699,0.007564633,12/31/2022
aquatics,SUGG,723,oxygen,0.816457045,0.001176812,12/31/2022
aquatics,SYCA,484,oxygen,1.8136247146017275,0.012045035402587835,12/31/2022
aquatics,TECR,826,oxygen,0.6006638604332865,0.003764936,12/31/2022
aquatics,TOMB,289,oxygen,1.3796404207353496,0.001873817,12/31/2022
aquatics,TOOK,134,oxygen,0.4299553127477135,0.003764936,12/31/2022
aquatics,WALK,715,oxygen,0.34897471992292795,4.641588833612782e-4,12/31/2022
aquatics,WLOU,739,oxygen,0.3567703074334045,9.326033468832199e-4,12/31/2022
aquatics,BARC,621,chla,6.294215481701661,0.19630406500402683,12/31/2022
aquatics,BLWA,295,chla,9.412442889386968,0.030538555088334123,12/31/2022
aquatics,CRAM,336,chla,1.157257479556729,0.048626016,12/31/2022
aquatics,FLNT,652,chla,0.8906769749549012,9.326033468832199e-4,12/31/2022
aquatics,LIRO,305,chla,6.261418989312237,0.6280291441834247,12/31/2022
aquatics,PRLA,91,chla,4.940533677175394,0.49770235643321137,12/31/2022
aquatics,PRPO,369,chla,22.345954895026555,1,12/31/2022
aquatics,SUGG,644,chla,6.255559871191821,0.077426368,12/31/2022
aquatics,TOMB,350,chla,3.3458607085571987,0.061359073,12/31/2022
aquatics,TOOK,134,chla,0.6479378535282163,0.15556761439304723,12/31/2022
beetles,ABBY,20,abundance,0.19657966972288057,0.048626016,12/31/2022
beetles,BART,20,abundance,0.5482055895407671,0.31257158496882353,12/31/2022
beetles,BLAN,25,abundance,0.1395717453815189,0.077426368,12/31/2022
beetles,BONA,13,abundance,0.7522907808808785,0.31257158496882353,12/31/2022
beetles,CLBJ,32,abundance,0.063734736,0.015199111,12/31/2022
beetles,CPER,30,abundance,0.2522249328564612,0.030538555088334123,12/31/2022
beetles,DCFS,18,abundance,0.046517338,0.003764936,12/31/2022
beetles,DEJU,15,abundance,0.11518097507028646,0.077426368,12/31/2022
beetles,DELA,27,abundance,0.069788544,0.030538555088334123,12/31/2022
beetles,DSNY,28,abundance,0.092015411,0.019179102616724848,12/31/2022
beetles,GRSM,24,abundance,0.17023517626882487,0.077426368,12/31/2022
beetles,GUAN,28,abundance,7.0709818397448e-4,1.830738280295366e-4,12/31/2022
beetles,HARV,20,abundance,0.10414700494712166,0.077426368,12/31/2022
beetles,HEAL,14,abundance,0.062019825,0.048626016,12/31/2022
beetles,JERC,28,abundance,0.024738714998892138,0.003764936,12/31/2022
beetles,JORN,30,abundance,0.10965094989924623,0.061359073,12/31/2022
beetles,KONA,24,abundance,0.16932749164054264,0.024201282647943835,12/31/2022
beetles,KONZ,24,abundance,0.20905042229820847,0.038535285937105354,12/31/2022
beetles,LAJA,28,abundance,1.3550877483460342,1,12/31/2022
beetles,LENO,29,abundance,0.075710837,0.030538555088334123,12/31/2022
beetles,MLBS,22,abundance,0.42445572868935466,0.19630406500402683,12/31/2022
beetles,MOAB,30,abundance,0.16048956620841662,0.061359073,12/31/2022
beetles,NIWO,14,abundance,0.20435645318998982,0.030538555088334123,12/31/2022
beetles,NOGP,20,abundance,0.1502652466365794,0.012045035402587835,12/31/2022
beetles,OAES,41,abundance,0.13702882768120747,0.061359073,12/31/2022
beetles,ONAQ,21,abundance,0.017634577661258023,0.002983647,12/31/2022
beetles,ORNL,28,abundance,0.0903763,0.015199111,12/31/2022
beetles,OSBS,30,abundance,0.066980918,0.030538555088334123,12/31/2022
beetles,PUUM,27,abundance,0.30331798466239784,0.12328467394420634,12/31/2022
beetles,RMNP,18,abundance,0.15014452341419499,0.015199111,12/31/2022
beetles,SCBI,25,abundance,5.767082718205442,1,12/31/2022
beetles,SERC,29,abundance,0.45603944060056345,0.2477076355991714,12/31/2022
beetles,SJER,35,abundance,0.2583777581445776,0.097700996,12/31/2022
beetles,SOAP,23,abundance,0.094059539,0.077426368,12/31/2022
beetles,SRER,32,abundance,0.2890753505754223,0.12328467394420634,12/31/2022
beetles,STEI,18,abundance,0.46667553366541537,0.31257158496882353,12/31/2022
beetles,STER,22,abundance,0.679476301,0.19630406500402683,12/31/2022
beetles,TALL,27,abundance,0.047457103,0.019179102616724848,12/31/2022
beetles,TEAK,16,abundance,0.040966814,9.326033468832199e-4,12/31/2022
beetles,TREE,19,abundance,0.1193309838551626,0.024201282647943835,12/31/2022
beetles,UKFS,29,abundance,0.075982296,0.012045035402587835,12/31/2022
beetles,UNDE,17,abundance,0.094637002,0.061359073,12/31/2022
beetles,WOOD,18,abundance,0.041605150518317355,9.326033468832199e-4,12/31/2022
beetles,WREF,20,abundance,0.14883515783991513,0.061359073,12/31/2022
beetles,YELL,15,abundance,0.16232128184152173,0.097700996,12/31/2022
beetles,ABBY,20,richness,5.250927736770461,1,12/31/2022
beetles,BART,20,richness,2.905167809,1,12/31/2022
beetles,BLAN,25,richness,4.044294078818891,0.2477076355991714,12/31/2022
beetles,BONA,13,richness,2.683133366996231,1,12/31/2022
beetles,CLBJ,32,richness,3.1917211170927127,0.6280291441834247,12/31/2022
beetles,CPER,30,richness,2.568357959016249,0.12328467394420634,12/31/2022
beetles,DCFS,18,richness,3.977555693,0.49770235643321137,12/31/2022
beetles,DEJU,15,richness,2.968769862447467,1,12/31/2022
beetles,DELA,27,richness,3.232167417312096,0.6280291441834247,12/31/2022
beetles,DSNY,28,richness,3.5495941310996617,0.7924828983539186,12/31/2022
beetles,GRSM,24,richness,3.450940104467526,0.7924828983539186,12/31/2022
beetles,GUAN,28,richness,0.2861220354042866,0.061359073,12/31/2022
beetles,HARV,20,richness,2.8716371553198563,0.7924828983539186,12/31/2022
beetles,HEAL,14,richness,3.2076476528965845,1,12/31/2022
beetles,JERC,28,richness,2.4070950693418176,0.39442060594376477,12/31/2022
beetles,JORN,30,richness,1.4801337266823429,0.12328467394420634,12/31/2022
beetles,KONA,24,richness,5.747485219954169,1,12/31/2022
beetles,KONZ,24,richness,4.211997589666787,0.12328467394420634,12/31/2022
beetles,LAJA,28,richness,1.2832317302301202,0.6280291441834247,12/31/2022
beetles,LENO,29,richness,2.136589591788928,0.39442060594376477,12/31/2022
beetles,MLBS,22,richness,5.615309755877731,1,12/31/2022
beetles,MOAB,30,richness,2.8064633576713938,0.024201282647943835,12/31/2022
beetles,NIWO,14,richness,1.5550061156788182,0.15556761439304723,12/31/2022
beetles,NOGP,20,richness,3.1683350511935524,0.49770235643321137,12/31/2022
beetles,OAES,41,richness,3.9494124142217113,1,12/31/2022
beetles,ONAQ,21,richness,0.9086380773449444,0.2477076355991714,12/31/2022
beetles,ORNL,28,richness,4.263666649905031,0.6280291441834247,12/31/2022
beetles,OSBS,30,richness,2.462158041682585,1,12/31/2022
beetles,PUUM,27,richness,1.6555182695279267,0.7924828983539186,12/31/2022
beetles,RMNP,18,richness,1.7972747641743145,0.6280291441834247,12/31/2022
beetles,SCBI,25,richness,4.731602362550646,1,12/31/2022
beetles,SERC,29,richness,4.6773895487558415,0.7924828983539186,12/31/2022
beetles,SJER,35,richness,1.294966666,0.19630406500402683,12/31/2022
beetles,SOAP,23,richness,2.5206291581863516,0.39442060594376477,12/31/2022
beetles,SRER,32,richness,2.1610078766104457,1e-10,12/31/2022
beetles,STEI,18,richness,2.839336140368675,0.024201282647943835,12/31/2022
beetles,STER,22,richness,5.800443916534491,0.097700996,12/31/2022
beetles,TALL,27,richness,2.3101227915359472,0.49770235643321137,12/31/2022
beetles,TEAK,16,richness,1.7275343701356567,1,12/31/2022
beetles,TREE,19,richness,4.550497293705575,1,12/31/2022
beetles,UKFS,29,richness,7.771092699784332,1,12/31/2022
beetles,UNDE,17,richness,3.841113255,1,12/31/2022
beetles,WOOD,18,richness,3.3385254616353572,0.39442060594376477,12/31/2022
beetles,WREF,20,richness,3.1924080505694983,1,12/31/2022
beetles,YELL,15,richness,4.316111430507318,1,12/31/2022
phenology,ABBY,821,gcc_90,0.00880115,5.72236765935022e-5,12/31/2022
phenology,BARR,464,gcc_90,0.007084346,4.534878508128582e-5,12/31/2022
phenology,BART,822,gcc_90,0.026388195326554353,1e-10,12/31/2022
phenology,BLAN,828,gcc_90,0.019620289201022705,2.915053062825176e-4,12/31/2022
phenology,BONA,547,gcc_90,0.007478039,7.220809018385456e-5,12/31/2022
phenology,CLBJ,824,gcc_90,0.012252042065143673,3.5938136638046256e-5,12/31/2022
phenology,CPER,821,gcc_90,0.010330442520138842,1.1497569953977356e-4,12/31/2022
phenology,DCFS,824,gcc_90,0.014109388346118587,1e-10,12/31/2022
phenology,DEJU,593,gcc_90,0.005040652,7.220809018385456e-5,12/31/2022
phenology,DELA,827,gcc_90,0.015974712212234926,4.534878508128582e-5,12/31/2022
phenology,DSNY,823,gcc_90,0.023287466,9.111627561154887e-5,12/31/2022
phenology,GRSM,827,gcc_90,0.020614236,1.1497569953977356e-4,12/31/2022
phenology,GUAN,805,gcc_90,0.013274474791914737,5.72236765935022e-5,12/31/2022
phenology,HARV,808,gcc_90,0.027817037,3.678379771828634e-4,12/31/2022
phenology,HEAL,584,gcc_90,0.018758573,2.2570197196339216e-5,12/31/2022
phenology,JERC,823,gcc_90,0.008397097,1.1497569953977356e-4,12/31/2022
phenology,JORN,826,gcc_90,0.007829761,5.72236765935022e-5,12/31/2022
phenology,KONA,821,gcc_90,0.026451589,4.641588833612782e-4,12/31/2022
phenology,KONZ,819,gcc_90,0.019451120425318325,2.2570197196339216e-5,12/31/2022
phenology,LAJA,798,gcc_90,0.016047820641857582,1.45082877849594e-4,12/31/2022
phenology,LENO,808,gcc_90,0.015928928895301103,1e-10,12/31/2022
phenology,MLBS,818,gcc_90,0.016973988711242487,2.915053062825176e-4,12/31/2022
phenology,MOAB,811,gcc_90,0.007166867,1.0974987654930568e-6,12/31/2022
phenology,NIWO,817,gcc_90,0.008271995,5.72236765935022e-5,12/31/2022
phenology,NOGP,820,gcc_90,0.012905044817358453,1e-10,12/31/2022
phenology,OAES,776,gcc_90,0.011277054164347475,1.4174741629268048e-5,12/31/2022
phenology,ONAQ,794,gcc_90,0.003280983,2.2051307399030456e-6,12/31/2022
phenology,ORNL,802,gcc_90,0.019297139626084762,3.678379771828634e-4,12/31/2022
phenology,OSBS,824,gcc_90,0.005457327,4.430621457583877e-6,12/31/2022
phenology,PUUM,757,gcc_90,0.005515435,1.4174741629268048e-5,12/31/2022
phenology,RMNP,793,gcc_90,0.009455322,3.678379771828634e-4,12/31/2022
phenology,SCBI,823,gcc_90,0.021701865004520583,1.830738280295366e-4,12/31/2022
phenology,SERC,826,gcc_90,0.020514176044471005,5.72236765935022e-5,12/31/2022
phenology,SJER,813,gcc_90,0.003527608,2.2051307399030456e-6,12/31/2022
phenology,SOAP,695,gcc_90,0.004530796,1.4174741629268048e-5,12/31/2022
phenology,SRER,822,gcc_90,0.019676290675761487,1e-10,12/31/2022
phenology,STEI,823,gcc_90,0.020362245009808537,2.915053062825176e-4,12/31/2022
phenology,STER,797,gcc_90,0.014602304081797008,9.111627561154887e-5,12/31/2022
phenology,TALL,822,gcc_90,0.004230788,7.220809018385456e-5,12/31/2022
phenology,TEAK,608,gcc_90,0.004216159,2.848035868435799e-5,12/31/2022
phenology,TOOL,505,gcc_90,0.015551941233481813,8.902150854450392e-6,12/31/2022
phenology,TREE,824,gcc_90,0.024379192104372015,2.915053062825176e-4,12/31/2022
phenology,UKFS,822,gcc_90,0.017909630083892812,1.830738280295366e-4,12/31/2022
phenology,UNDE,793,gcc_90,0.020170389242904634,2.310129700083158e-4,12/31/2022
phenology,WOOD,828,gcc_90,0.011110369379004439,1e-10,12/31/2022
phenology,WREF,824,gcc_90,0.00538775,1e-10,12/31/2022
phenology,YELL,810,gcc_90,0.003051391,1.1233240329780266e-5,12/31/2022
phenology,ABBY,821,rcc_90,0.017189706165294704,2.2570197196339216e-5,12/31/2022
phenology,BARR,464,rcc_90,0.040118205,5.857020818056661e-4,12/31/2022
phenology,BART,822,rcc_90,0.033032068,1.1497569953977356e-4,12/31/2022
phenology,BLAN,828,rcc_90,0.019528002,1e-10,12/31/2022
phenology,BONA,547,rcc_90,0.018747328279613642,1.1233240329780266e-5,12/31/2022
phenology,CLBJ,824,rcc_90,0.015733385013700415,1.1233240329780266e-5,12/31/2022
phenology,CPER,821,rcc_90,0.030560318356291635,1.830738280295366e-4,12/31/2022
phenology,DCFS,824,rcc_90,0.029316392,1e-10,12/31/2022
phenology,DEJU,593,rcc_90,0.016504754805104268,3.5938136638046256e-5,12/31/2022
phenology,DELA,827,rcc_90,0.018681674,1e-10,12/31/2022
phenology,DSNY,823,rcc_90,0.017930688,2.848035868435799e-5,12/31/2022
phenology,GRSM,827,rcc_90,0.028163696965278342,7.220809018385456e-5,12/31/2022
phenology,GUAN,805,rcc_90,0.012269584415814905,1.1233240329780266e-5,12/31/2022
phenology,HARV,808,rcc_90,0.034151181130951475,5.72236765935022e-5,12/31/2022
phenology,HEAL,584,rcc_90,0.051350515,4.641588833612782e-4,12/31/2022
phenology,JERC,823,rcc_90,0.012271906926935706,7.0548023107186455e-6,12/31/2022
phenology,JORN,826,rcc_90,0.013818542986877052,1.4174741629268048e-5,12/31/2022
phenology,KONA,821,rcc_90,0.033277618,2.2570197196339216e-5,12/31/2022
phenology,KONZ,819,rcc_90,0.02760678,9.111627561154887e-5,12/31/2022
phenology,LAJA,798,rcc_90,0.015328394734199231,3.5938136638046256e-5,12/31/2022
phenology,LENO,808,rcc_90,0.019478363,1e-10,12/31/2022
phenology,MLBS,818,rcc_90,0.026976518499710087,7.220809018385456e-5,12/31/2022
phenology,MOAB,811,rcc_90,0.03332219,0.001176812,12/31/2022
phenology,NIWO,817,rcc_90,0.029773444,1.1497569953977356e-4,12/31/2022
phenology,NOGP,820,rcc_90,0.033365441,1e-10,12/31/2022
phenology,OAES,776,rcc_90,0.019779068,3.5938136638046256e-5,12/31/2022
phenology,ONAQ,794,rcc_90,0.021326108762026643,3.5938136638046256e-5,12/31/2022
phenology,ORNL,802,rcc_90,0.024188064425373697,4.534878508128582e-5,12/31/2022
phenology,OSBS,824,rcc_90,0.010041136919417564,8.902150854450392e-6,12/31/2022
phenology,PUUM,757,rcc_90,0.007771753,1e-10,12/31/2022
phenology,RMNP,793,rcc_90,0.029416159663120056,1e-10,12/31/2022
phenology,SCBI,823,rcc_90,0.026437398909806193,7.220809018385456e-5,12/31/2022
phenology,SERC,826,rcc_90,0.026446044026119477,1e-10,12/31/2022
phenology,SJER,813,rcc_90,0.016950901250936328,1e-10,12/31/2022
phenology,SOAP,695,rcc_90,0.017987362732600192,7.0548023107186455e-6,12/31/2022
phenology,SRER,822,rcc_90,0.015315453829083172,1.830738280295366e-4,12/31/2022
phenology,STEI,823,rcc_90,0.022035718948769285,2.2570197196339216e-5,12/31/2022
phenology,STER,797,rcc_90,0.031533198,4.534878508128582e-5,12/31/2022
phenology,TALL,822,rcc_90,0.011441462734210692,5.72236765935022e-5,12/31/2022
phenology,TEAK,608,rcc_90,0.017569191,7.0548023107186455e-6,12/31/2022
phenology,TOOL,505,rcc_90,0.048586949534981785,3.678379771828634e-4,12/31/2022
phenology,TREE,824,rcc_90,0.039078770920119035,1e-10,12/31/2022
phenology,UKFS,822,rcc_90,0.016851549933667245,2.848035868435799e-5,12/31/2022
phenology,UNDE,793,rcc_90,0.034676969187632294,5.72236765935022e-5,12/31/2022
phenology,WOOD,828,rcc_90,0.029832297,2.848035868435799e-5,12/31/2022
phenology,WREF,824,rcc_90,0.016190317,1e-10,12/31/2022
phenology,YELL,810,rcc_90,0.015264114045932342,8.902150854450392e-6,12/31/2022
terrestrial_daily,ABBY,583,nee,1.641503143,0.015199111,12/31/2022
terrestrial_daily,BARR,160,nee,0.435447103,0.001873817,12/31/2022
terrestrial_daily,BART,560,nee,1.9332058762431608,0.024201282647943835,12/31/2022
terrestrial_daily,BLAN,625,nee,2.141959909,0.019179102616724848,12/31/2022
terrestrial_daily,BONA,519,nee,0.7218121906503727,1e-10,12/31/2022
terrestrial_daily,CLBJ,675,nee,1.923357836468518,0.009545485,12/31/2022
terrestrial_daily,CPER,598,nee,0.9673495472074726,0.061359073,12/31/2022
terrestrial_daily,DCFS,619,nee,1.1261168594446442,0.009545485,12/31/2022
terrestrial_daily,DEJU,546,nee,0.6946484233002078,0.001484968,12/31/2022
terrestrial_daily,DELA,538,nee,2.3291160842644145,1e-10,12/31/2022
terrestrial_daily,DSNY,540,nee,1.5588603421225065,0.012045035402587835,12/31/2022
terrestrial_daily,GRSM,542,nee,2.479640463,0.009545485,12/31/2022
terrestrial_daily,GUAN,400,nee,1.3144905546087844,0.019179102616724848,12/31/2022
terrestrial_daily,HARV,555,nee,2.543275075032185,0.048626016,12/31/2022
terrestrial_daily,HEAL,582,nee,0.697285868,1e-10,12/31/2022
terrestrial_daily,JERC,623,nee,1.7347134891079659,1e-10,12/31/2022
terrestrial_daily,JORN,662,nee,0.7444648689500991,0.019179102616724848,12/31/2022
terrestrial_daily,KONA,491,nee,3.0420171714234443,0.048626016,12/31/2022
terrestrial_daily,KONZ,599,nee,1.7082128072307936,0.030538555088334123,12/31/2022
terrestrial_daily,LAJA,381,nee,2.873855341525161,0.097700996,12/31/2022
terrestrial_daily,LENO,266,nee,2.523806348374477,0.003764936,12/31/2022
terrestrial_daily,MLBS,499,nee,2.017666014439267,0.038535285937105354,12/31/2022
terrestrial_daily,MOAB,610,nee,0.37579769404722185,5.857020818056661e-4,12/31/2022
terrestrial_daily,NIWO,469,nee,0.5369223963157179,0.00475081,12/31/2022
terrestrial_daily,NOGP,518,nee,1.0653260801156486,0.007564633,12/31/2022
terrestrial_daily,OAES,634,nee,1.2802250106684707,0.002364489,12/31/2022
terrestrial_daily,ONAQ,573,nee,0.7288978891502969,0.015199111,12/31/2022
terrestrial_daily,ORNL,603,nee,2.6711586101642677,1e-10,12/31/2022
terrestrial_daily,OSBS,462,nee,0.8937863003741733,0.030538555088334123,12/31/2022
terrestrial_daily,PUUM,342,nee,1.1651853019306404,0.007564633,12/31/2022
terrestrial_daily,RMNP,607,nee,1.2970776735330072,0.030538555088334123,12/31/2022
terrestrial_daily,SCBI,496,nee,2.4917832580252868,0.001873817,12/31/2022
terrestrial_daily,SERC,645,nee,2.122153659845285,0.009545485,12/31/2022
terrestrial_daily,SJER,570,nee,1.459899770486569,0.002364489,12/31/2022
terrestrial_daily,SOAP,414,nee,0.7828994101467481,0.00475081,12/31/2022
terrestrial_daily,SRER,537,nee,0.5362223470543603,1e-10,12/31/2022
terrestrial_daily,STEI,704,nee,2.0750099621050317,0.001484968,12/31/2022
terrestrial_daily,STER,456,nee,1.082515546537459,0.002983647,12/31/2022
terrestrial_daily,TALL,427,nee,1.5632900659476614,0.030538555088334123,12/31/2022
terrestrial_daily,TEAK,495,nee,1.2307899993786364,0.024201282647943835,12/31/2022
terrestrial_daily,TOOL,408,nee,0.5212345992329723,7.390722033525775e-4,12/31/2022
terrestrial_daily,TREE,628,nee,2.124879753245343,1e-10,12/31/2022
terrestrial_daily,UKFS,619,nee,1.5907731214014085,0.005994843,12/31/2022
terrestrial_daily,UNDE,602,nee,1.857212563111871,0.019179102616724848,12/31/2022
terrestrial_daily,WOOD,588,nee,1.1179333323421843,0.015199111,12/31/2022
terrestrial_daily,WREF,467,nee,2.131005744180941,0.048626016,12/31/2022
terrestrial_daily,YELL,542,nee,0.6779813687957867,4.641588833612782e-4,12/31/2022
terrestrial_daily,ABBY,583,le,13.871660743575832,0.077426368,12/31/2022
terrestrial_daily,BARR,160,le,8.665476139174462,0.15556761439304723,12/31/2022
terrestrial_daily,BART,560,le,19.382926871431724,0.39442060594376477,12/31/2022
terrestrial_daily,BLAN,625,le,22.167405546271286,0.31257158496882353,12/31/2022
terrestrial_daily,BONA,519,le,8.929709103893307,0.097700996,12/31/2022
terrestrial_daily,CLBJ,675,le,28.940266006260234,0.6280291441834247,12/31/2022
terrestrial_daily,CPER,598,le,16.8056987,0.077426368,12/31/2022
terrestrial_daily,DCFS,619,le,21.157878544293208,0.2477076355991714,12/31/2022
terrestrial_daily,DEJU,546,le,10.623275586448727,1e-10,12/31/2022
terrestrial_daily,DELA,538,le,22.87115188121278,0.030538555088334123,12/31/2022
terrestrial_daily,DSNY,540,le,19.166927719819626,0.038535285937105354,12/31/2022
terrestrial_daily,GRSM,542,le,22.560167724956592,1e-10,12/31/2022
terrestrial_daily,GUAN,400,le,21.270025273400524,0.15556761439304723,12/31/2022
terrestrial_daily,HARV,555,le,21.628456474303377,0.2477076355991714,12/31/2022
terrestrial_daily,HEAL,582,le,11.971949785817607,1e-10,12/31/2022
terrestrial_daily,JERC,623,le,24.828585093641795,0.097700996,12/31/2022
terrestrial_daily,JORN,662,le,15.631876712782905,1e-10,12/31/2022
terrestrial_daily,KONA,491,le,26.68216043931084,0.39442060594376477,12/31/2022
terrestrial_daily,KONZ,599,le,21.080059633928666,0.024201282647943835,12/31/2022
terrestrial_daily,LAJA,381,le,25.607026658481214,1e-10,12/31/2022
terrestrial_daily,LENO,266,le,28.200874679769992,0.2477076355991714,12/31/2022
terrestrial_daily,MLBS,499,le,15.858209640897504,0.39442060594376477,12/31/2022
terrestrial_daily,MOAB,610,le,21.479747437320007,0.6280291441834247,12/31/2022
terrestrial_daily,NIWO,469,le,21.02254451017563,0.061359073,12/31/2022
terrestrial_daily,NOGP,518,le,22.57899929905251,0.15556761439304723,12/31/2022
terrestrial_daily,OAES,634,le,19.89848711974937,1e-10,12/31/2022
terrestrial_daily,ONAQ,573,le,15.087541664806507,0.15556761439304723,12/31/2022
terrestrial_daily,ORNL,603,le,24.916142491238865,1e-10,12/31/2022
terrestrial_daily,OSBS,462,le,13.808119124785796,0.2477076355991714,12/31/2022
terrestrial_daily,PUUM,342,le,23.40749173150644,1,12/31/2022
terrestrial_daily,RMNP,607,le,17.37576907509226,0.077426368,12/31/2022
terrestrial_daily,SCBI,496,le,26.441622243446226,0.7924828983539186,12/31/2022
terrestrial_daily,SERC,645,le,21.11330680665932,0.097700996,12/31/2022
terrestrial_daily,SJER,570,le,14.85211201339766,0.12328467394420634,12/31/2022
terrestrial_daily,SOAP,414,le,15.272448092108299,0.19630406500402683,12/31/2022
terrestrial_daily,SRER,537,le,14.391466881428421,1e-10,12/31/2022
terrestrial_daily,STEI,704,le,20.683036124764527,1e-10,12/31/2022
terrestrial_daily,STER,456,le,18.780909934922825,0.19630406500402683,12/31/2022
terrestrial_daily,TALL,427,le,20.236861340532435,0.2477076355991714,12/31/2022
terrestrial_daily,TEAK,495,le,25.485700970684867,0.038535285937105354,12/31/2022
terrestrial_daily,TOOL,408,le,10.141875144355348,0.49770235643321137,12/31/2022
terrestrial_daily,TREE,628,le,20.229054461888644,0.19630406500402683,12/31/2022
terrestrial_daily,UKFS,619,le,22.85856264343645,0.2477076355991714,12/31/2022
terrestrial_daily,UNDE,602,le,18.068203032471917,0.39442060594376477,12/31/2022
terrestrial_daily,WOOD,588,le,19.396100361962088,0.31257158496882353,12/31/2022
terrestrial_daily,WREF,467,le,18.252180127870655,0.077426368,12/31/2022
terrestrial_daily,YELL,542,le,14.040061111885727,0.048626016,12/31/2022
ticks,BLAN,15,amblyomma_americanum,8.157248909870587,1,12/31/2022
ticks,KONZ,14,amblyomma_americanum,22.482820959429425,1,12/31/2022
ticks,ORNL,18,amblyomma_americanum,17.863723400702394,1,12/31/2022
ticks,OSBS,20,amblyomma_americanum,13.019466252079372,1,12/31/2022
ticks,SCBI,19,amblyomma_americanum,9.234327157,0.31257158496882353,12/31/2022
ticks,SERC,19,amblyomma_americanum,49.37895583,1,12/31/2022
ticks,TALL,19,amblyomma_americanum,62.34259864307235,1,12/31/2022
ticks,UKFS,20,amblyomma_americanum,180.62068338786452,1,12/31/2022
