theme,site,n_obs,n_vfolds,target_variable,rmse,mtry,min_n,importance_surface_downwelling_longwave_flux_in_air,importance_air_temperature,importance_surface_downwelling_shortwave_flux_in_air,importance_northward_wind,importance_precipitation_flux,importance_relative_humidity,importance_eastward_wind,importance_air_pressure
aquatics,ARIK,738,10,temperature,0.5477625412506818,3,5,16013.106448840137,14746.191859706572,7480.566082178357,1319.2676270734514,942.9273658416381,763.1571957171694,618.4958030749867,265.14057503125366
aquatics,BARC,950,10,temperature,0.6521587812480671,6,6,3648.3363407449137,16436.931997738226,1916.9633031890378,292.895577896359,200.28016875736608,408.12653161714786,1245.069456708168,524.7961363582376
aquatics,BIGC,612,10,temperature,0.8137879109975916,3,5,2419.1223232416046,5998.886228895522,3979.6231677194046,1001.6767871421313,239.1580155988211,1365.099047950376,314.37767251105146,419.1070175671256
aquatics,BLDE,956,10,temperature,0.6485964338965002,4,9,3466.5377474689767,13589.504075845483,919.4452939127714,254.53811192783283,262.80491362330287,4703.034944938813,228.83367283502076,753.6240400959148
aquatics,BLUE,790,10,temperature,0.9734950373022729,4,6,4589.569143232411,8115.656788242937,3269.338762413404,588.3326077095688,505.77118626273386,742.0340738357444,485.4773661167967,928.1811850372567
aquatics,BLWA,654,10,temperature,0.9866548986497546,5,2,3653.63526438855,14691.93643998677,5114.8103100415765,715.7856285975575,363.5432747416658,1567.5876156401257,1932.3066509625808,908.3886376161017
aquatics,CARI,340,10,temperature,0.4382105339274653,3,7,313.83550330837596,446.8969732530114,104.66715129035718,55.87122950883073,38.027770404368184,62.329396884796516,55.863972437996246,39.87674176409907
aquatics,COMO,815,10,temperature,0.44145162602935467,4,4,2898.739045869735,6067.867289380381,311.2882551830271,129.05114621057783,124.38601175805145,440.3707637972241,97.14100614882507,1287.7877935467957
aquatics,CRAM,445,10,temperature,1.1312781333419868,5,4,2095.510359817848,8647.749323369415,1267.7322400317369,563.7914578075615,300.4945339937956,381.53810534487036,1090.9875212670902,484.35292915966073
aquatics,CUPE,822,10,temperature,0.4873252098646005,4,6,222.5899355153918,406.60628553325495,161.21238306828448,151.28989623554833,113.98734346598127,118.02746646327662,191.79836367867904,149.71482593143577
aquatics,FLNT,808,10,temperature,0.7611245233612002,5,5,4728.65176237694,15819.644900746374,3495.163802704426,464.87896754706395,262.06464199521065,681.1688506981974,1476.2284485994799,649.4703936559991
aquatics,GUIL,730,10,temperature,0.2969030043736013,4,4,265.78523875001616,639.6786719428316,565.5981338081726,74.49062644170823,60.64523996339241,61.588356166962434,105.29353507997158,69.39085343185995
aquatics,HOPB,989,10,temperature,1.3899816363615014,4,15,9764.251339049664,26947.12100076977,3818.4846770830814,563.2296890799646,543.3076988734072,611.2497887932687,797.1058293315444,422.21976653895376
aquatics,KING,582,10,temperature,0.6963770945207809,4,7,4859.139737331216,9657.408878623039,1534.3076139078896,205.77680983943412,260.96681961345524,223.9796843625473,214.45867581002565,369.51466337180784
aquatics,LECO,980,10,temperature,0.5092721933884897,5,3,3258.5947464685487,12167.6839941091,1291.2796849965264,233.3097477004659,230.72971826438084,276.23191723529163,517.4336019833676,226.98693273030852
aquatics,LEWI,996,10,temperature,0.3750461750462125,4,5,5342.708213575258,12550.926767521882,1824.0342740607305,145.1874357089262,292.68187371132325,180.00008254292962,208.42447847609873,186.2531792251073
aquatics,LIRO,443,10,temperature,1.0858645840824108,6,5,1364.6909508902336,8209.989171636405,839.1392221832917,423.77486463278,286.0284038771964,283.2736628975142,995.0175400120012,489.28515603492
aquatics,MART,928,10,temperature,1.2112290215102093,6,7,935.4072414437327,8843.581326420652,1818.9695731880245,1045.2466498576966,604.3473612058168,1214.5058209589633,701.6642760808905,852.5639448201986
aquatics,MAYF,776,10,temperature,2.010560979775439,4,5,6924.576229792271,10284.453705430407,6334.378442876185,1509.3523956103115,2108.717478956507,3421.293133147213,2043.428734941809,2043.5571768921307
aquatics,MCDI,981,10,temperature,1.0732346150796443,5,6,13313.995919173387,32191.60118872696,5395.8313556055255,912.7805934557412,462.8751106098889,1070.0411578608123,1672.3184306857484,1103.4971642430885
aquatics,MCRA,533,10,temperature,0.5798926359930615,8,5,150.88232245128404,6206.635760319096,236.4562430780478,199.6703541870643,84.19308891683085,118.0784962043587,154.5234258574291,168.48771668154575
aquatics,OKSR,175,10,temperature,0.5615345220037604,6,2,321.4984512766795,1635.7592482121013,168.48695297694783,48.9671864789232,44.49262572139635,91.55722852956237,65.17515783691162,81.76673151027497
aquatics,POSE,929,10,temperature,0.6492092162800442,6,5,6519.640464269648,30076.84498930725,969.5519262340748,403.8988447436889,195.7139133291201,299.3629666494586,601.5677095776986,260.715423273554
aquatics,PRIN,974,10,temperature,0.677385033346369,7,6,8056.437903787386,43827.154248167026,2098.8139298840947,450.0697364606568,372.7777630744506,433.94671596181274,1069.9513067234195,244.13623368852973
aquatics,PRLA,387,10,temperature,0.8705339755097258,6,3,2483.6819572522613,8820.864717882823,1081.4368914585364,175.8863945453343,137.23668750729075,346.32662704374303,355.5292967998003,539.4293172056852
aquatics,PRPO,443,10,temperature,1.099934904805376,5,9,3901.9151855856,11220.561167103102,1381.3841129677257,189.68807212931907,208.94830443111948,367.0143468904604,334.94094534985857,537.0982967498795
aquatics,REDB,789,10,temperature,0.3088036321287915,5,4,3057.656791927719,10734.921355460776,1135.3801992672682,104.07061494939401,56.00480025837118,477.5660147307302,176.08309225957126,103.17360325228684
aquatics,SUGG,965,10,temperature,0.6988097447358562,5,8,4663.832122260145,16198.68250659721,2603.6195737373987,253.13604638492026,320.5005951576983,404.29204066185497,810.3193178331626,376.0678996565479
aquatics,SYCA,495,10,temperature,1.335255269634348,3,14,3135.193240462057,4615.147268809857,1468.960708348657,306.8307669202163,277.1058953275336,523.5686081933704,309.9329180666525,565.20051565494
aquatics,TECR,861,10,temperature,0.3101112803261004,5,2,2526.409598290498,13967.553477291216,4643.072033037379,454.7017869100667,120.87075818664712,673.4004291055959,220.51796944508212,175.77175398039583
aquatics,TOMB,580,10,temperature,0.9934555431138916,7,4,2004.709974738646,13366.266317106543,898.6668113310736,547.3031654669237,311.49198074517903,813.3445409248836,2173.921332665984,706.2402396807286
aquatics,TOOK,156,10,temperature,0.6843936483191866,5,6,177.52383377949403,436.5145502794266,153.54253250783518,45.84408852240698,71.2264104774412,55.793997419445255,171.31815637311695,70.96813705756902
aquatics,WALK,958,10,temperature,0.3059769142805782,4,4,2015.7352910208308,5064.595082189712,692.3546480985887,85.72713842308929,102.65883906320992,108.3378552502008,159.74348633101195,126.45042062551214
aquatics,WLOU,886,10,temperature,0.37260952196928204,5,6,1485.098486972425,3624.2501409971155,162.7574613457279,136.01259269922187,71.95531221231373,142.91815809035697,78.57975492774868,508.5224540972684
aquatics,ARIK,738,10,oxygen,0.5566467021064301,5,4,1008.8012489089925,990.5007606148624,454.6709938531396,224.5665213782077,129.6116035940863,200.37244544160168,157.21021882860833,159.96422329959384
aquatics,BARC,781,10,oxygen,0.25058996705125186,5,4,169.95401204631005,369.6669160849848,138.1151904186007,42.23384778175034,30.85370519921907,38.61921296558819,114.24296006379961,84.31560606478632
aquatics,BIGC,828,10,oxygen,0.23318458271252068,6,8,313.6304006749149,1223.6466352035952,109.00493561371967,73.07627556739683,11.45556804733631,25.92391022233224,31.94406117718412,29.65401816652382
aquatics,BLDE,762,10,oxygen,0.1548270906711098,5,2,249.95839955275972,986.1244652781636,36.78557294465153,28.338030199648795,15.638958764257593,166.0592740015459,14.187091537432066,26.389590516979055
aquatics,BLUE,626,10,oxygen,0.27105511310076585,3,4,273.50789589474317,314.03249837524555,57.8616863615758,34.00448282509624,34.322444728865214,37.25691086028486,50.19572352730298,114.17471273230034
aquatics,BLWA,499,10,oxygen,0.3303907676906886,5,2,270.7060889026802,262.04103536864454,138.67539914739976,63.75230477301186,40.19789873675854,115.5951180261305,95.99451649919982,47.64602405109844
aquatics,CARI,533,10,oxygen,0.14345060633603493,3,2,91.98837611955857,62.15846902919939,18.381890062388724,9.983325020193096,8.61712590795413,14.647669387040548,17.438284835796484,22.979912106075936
aquatics,COMO,954,10,oxygen,0.4652038793460383,3,10,202.10663090324775,320.4472833443051,112.80892055254292,81.04087918771921,70.92170651021326,118.39248317421617,72.81146139812274,146.70964123790554
aquatics,CRAM,351,10,oxygen,0.2798827955790382,6,6,23.18885955749351,28.621325949703117,36.05648890504421,24.184626122274487,16.484654279414542,12.594853099727942,25.235419346507943,21.60583421065394
aquatics,CUPE,951,10,oxygen,0.05425654077251743,2,2,10.190671010378217,17.631114963648958,16.207500834360914,4.41918591899967,3.807801900299198,8.290557838996815,7.664845920658383,4.810851238860843
aquatics,FLNT,786,10,oxygen,0.20605571799667538,6,3,129.06192088200615,581.6071756763104,130.0222839423072,33.01739256683281,19.392726875332787,44.801171047753314,70.608251947893,41.96993955171872
aquatics,GUIL,833,10,oxygen,0.18386019275675627,4,8,38.852285665805184,67.79924010464354,45.649697866081915,16.351396004067304,14.360879546147439,19.25221602822748,10.824875830116756,19.960395226430332
aquatics,HOPB,995,10,oxygen,0.2081352015856793,5,5,725.342922288652,2772.2951231318652,208.6378163658325,39.71544090312271,23.033582775163758,35.50350503798781,69.32555593410027,32.984351207979465
aquatics,KING,571,10,oxygen,0.5972326807683982,6,5,260.40087347461827,613.1617742170281,322.8034200296976,132.9917597062867,90.91893191290903,275.76825745100916,169.1468136019267,156.3061766763057
aquatics,LECO,877,10,oxygen,0.19768024071462575,6,13,179.4976461782415,868.8044155544294,38.19053003817351,11.017234317579168,7.071645301776838,10.771118581001337,32.482551076484214,18.970469612317125
aquatics,LEWI,992,10,oxygen,0.1802375783034202,4,7,402.1591405620096,1018.6048896759113,109.67353772831511,23.81947411646915,30.774607398993144,25.546263480854797,26.662042435125375,31.85854593325624
aquatics,LIRO,328,10,oxygen,0.3673171840500115,4,7,28.341071401094855,50.49993934705226,31.19416989099355,30.845922833799772,22.958837963606925,27.90535641922424,52.31401222786368,29.27454884419686
aquatics,MART,979,10,oxygen,0.2113250053941603,5,7,77.96198419405125,838.7700685901707,172.24172809549984,40.24394478168579,32.76502892775989,78.21206433253118,30.015481612120613,33.0775584649671
aquatics,MAYF,969,10,oxygen,0.1348798819031776,7,4,144.69604350889685,1232.5198350188518,18.760522149154966,16.424704249653228,9.902354091219431,14.072395536520549,68.66001965958525,22.708021827377067
aquatics,MCDI,981,10,oxygen,0.6553767155152617,5,5,1715.3183810047392,4125.017115403824,692.349676966719,287.0139696251488,210.7392404363497,640.9212446061495,413.22277489922067,448.0037328992225
aquatics,MCRA,633,10,oxygen,0.24058872258629033,7,3,25.442536987851934,621.8326211479938,122.24687767929574,25.957061207761267,22.641603169601073,27.541503524781533,52.98191197578684,52.709113347501095
aquatics,OKSR,159,10,oxygen,0.1385987505668559,6,5,15.891942513252056,76.54827416416357,4.501214338592195,1.9005556603106124,1.9379909330887566,3.887204693590177,2.8567041463758183,3.979468553268537
aquatics,POSE,995,10,oxygen,0.26799697835797204,6,13,474.3237084727308,2629.9197338346708,81.88954534867955,28.570718603290274,16.591585951889765,28.707574271478574,49.46978386015653,21.04572161954353
aquatics,PRIN,953,10,oxygen,0.7098413209928641,5,9,1569.218397416203,2202.4138381543244,418.4289287507756,264.5385099992532,135.7795208918775,294.7193191315602,318.76374255882706,270.520162788237
aquatics,PRLA,113,10,oxygen,0.8482001212459386,3,10,39.87458396214966,48.39280269752746,53.040697015781284,19.632009456514155,16.09037989595937,39.513185107859684,32.62698132088915,15.429623595981422
aquatics,PRPO,243,10,oxygen,0.5047894843004836,4,5,151.4154640787411,224.06810243092076,101.06605952067558,38.43167037055242,28.662708220986325,50.39095938580902,57.56408276877689,45.17641320529281
aquatics,REDB,711,10,oxygen,0.20308190741024904,3,6,190.83673629898962,339.3983846591442,93.06995995927046,20.6433162891191,16.24625420368495,93.541343364676,26.43715636451104,38.100359202465484
aquatics,SUGG,811,10,oxygen,0.2842483815085195,6,4,205.86882163762567,750.2160357123137,126.52698783877996,60.667581033359326,40.026349740661054,75.69642804700909,119.99813931060324,75.6576325829038
aquatics,SYCA,579,10,oxygen,0.6111560661192159,3,2,784.8118057759958,1204.9197316892944,457.84333773803087,181.21139831887822,137.6904295968143,252.91650984354686,192.07775418799463,291.26343215355814
aquatics,TECR,885,10,oxygen,0.1986341495641384,4,3,234.77953111482023,839.6627099589485,336.6544384950397,83.14944237233908,16.829885381500794,131.380738321062,47.63210297417832,43.04720190367868
aquatics,TOMB,421,10,oxygen,0.5256573288927293,7,6,83.03853504223382,272.7652938159726,141.70204924285102,99.57122995533122,58.77686078171267,114.68672740870406,166.819459039988,99.19800758263658
aquatics,TOOK,134,10,oxygen,0.17156192599330897,5,8,8.468001217437388,1.8082935143904022,2.6879316984139168,1.2588617428977835,1.951082614131905,2.3440005516135956,6.595399507360888,4.065478131733375
aquatics,WALK,875,10,oxygen,0.17084583099929102,4,8,129.84246289164207,272.194009168962,42.26465099635557,15.188127176909152,15.819282119626067,12.10865586993469,17.274344554123665,16.64087379863465
aquatics,WLOU,905,10,oxygen,0.09502084228834069,5,3,73.41299728440758,200.64421880445397,11.066674996835353,8.954473864399448,6.189555902047212,10.498330254928264,7.493456975212337,31.24250257084868
aquatics,BARC,779,10,chla,4.56533287703979,1,25,1124.3076272574729,1416.9354993114748,1268.8476886781366,1103.768472075389,851.5130818524569,1381.6910381872895,1290.010813522943,895.0458150276448
aquatics,BLWA,493,10,chla,8.786155631010473,1,18,8406.147064888462,8373.173783543567,7505.444642853384,6006.7878665703,4377.260626476882,5195.334317325707,4883.322865705582,7273.905956053432
aquatics,CRAM,378,10,chla,0.5567850524029574,7,10,40.701468088047314,81.29452214334984,94.03804769405951,61.97548473760262,47.88264502345053,54.75126894889801,60.563154383856485,56.45628418119488
aquatics,FLNT,803,10,chla,0.818778885641939,1,33,80.18067597076472,81.04233192171968,58.23888787575492,45.122367212794316,40.937609919845116,51.53413487574498,45.83553174423182,60.1198780266746
aquatics,LIRO,351,10,chla,5.112128648169594,1,13,2023.1006112968114,2061.571200776295,1946.7963064338987,1539.478172313598,1405.0028063657292,1372.5706669983756,1640.620995392465,1470.3401767763737
aquatics,PRLA,114,10,chla,3.767441871263879,5,11,774.6079135730611,538.1661709238693,749.7071394523924,414.5948675809837,1326.3857823275334,1949.3036225031353,299.5715388502659,259.42505572031894
aquatics,PRPO,242,10,chla,17.95659920792228,4,36,10731.418929522952,10746.391263058422,19565.709282510834,7534.013103061251,5703.085017244825,17779.002287573854,7318.952682987876,6148.6211482356175
aquatics,SUGG,732,10,chla,2.8700283760788805,1,4,4995.180351999687,5364.730500759084,4326.674719184347,3151.332920834342,3326.412677379041,3406.922197154116,3925.886991631959,3404.73190618189
aquatics,TOMB,429,10,chla,3.8583149073287952,3,3,26841.968067933452,26871.281416004564,5048.566333941634,5435.9888205985235,4955.4138433119415,6474.803952583684,6972.10948837975,4205.327444579534
aquatics,TOOK,134,10,chla,0.3832436625411228,3,17,6.9656851764860575,4.934724766612782,3.260648046190455,4.514413608955972,2.69203673075053,3.8063783118854686,2.693333092481169,9.807131771035827
beetles,ABBY,20,5,abundance,0.23299140610896987,2,31,0,0,0,0,0,0,0,0
beetles,BART,20,5,abundance,0.5482251880195297,7,38,0,0,0,0,0,0,0,0
beetles,BLAN,26,10,abundance,0.09326267038468992,2,12,0.047677511296020034,0.03510792060892722,0.03886074426624586,0.02368347186434992,0.04696548267655552,0.05751691019954043,0.03144053428197428,0.03352516874256514
beetles,BONA,13,5,abundance,0.7522943588697747,6,36,0,0,0,0,0,0,0,0
beetles,CLBJ,35,10,abundance,0.027770088080939864,1,8,0.004371817804873873,0.0040763934610961285,0.005025637928242542,0.003297644170706364,0.007275343186976841,0.0042702064698391835,0.0033841184311007755,0.005254272436593085
beetles,CPER,31,10,abundance,0.13681998142116836,3,6,1.0288344416571673,0.9003855287723199,0.7401681342875672,0.19134781150380226,0.22996052314586524,0.16272387362921029,0.22697780366985015,0.2977163071205782
beetles,DCFS,18,5,abundance,0.06933641753335733,2,16,0.01099999309120728,0.010851406129045314,0.007071668062328454,0.00701654546606029,0.006312297892590935,0.006825864367681897,0.003857315962866597,0.00665088876911126
beetles,DEJU,15,5,abundance,0.08001850294735026,6,14,0.0011467137514755556,0.007291975138519705,0.02699538638756105,0.04099539451025477,0.009512808089229921,0.0032772619863924795,0.00871490048249295,0.016134408095897727
beetles,DELA,29,10,abundance,0.06858501336887518,5,34,0,0,0,0,0,0,0,0
beetles,DSNY,31,10,abundance,0.04253238371562537,2,5,0.03321989822116567,0.05212754021845068,0.03330706368967667,0.028113408100833473,0.02657016105482421,0.021179125045988324,0.039154457995616565,0.01695387555421382
beetles,GRSM,26,10,abundance,0.21598904093913515,1,28,0,0,0,0,0,0,0,0
beetles,GUAN,28,10,abundance,8.331786785548731e-4,4,37,0,0,0,0,0,0,0,0
beetles,HARV,20,5,abundance,0.07238686097623923,1,12,0.01665322192873241,0.015299233564887204,0.012886947339952706,0.015449434754892452,0.01257388584742947,0.011861983130667773,0.01257591817660132,0.016810113132843273
beetles,HEAL,14,5,abundance,0.06203038500685202,3,26,0,0,0,0,0,0,0,0
beetles,JERC,29,10,abundance,0.016601617175691547,4,20,0.005594750743347198,0.0010186691965723643,0.0016098010593746533,5.520861088766482e-4,0.0025608963789126595,9.009499691656225e-4,2.894706384164041e-4,3.410541365131032e-4
beetles,JORN,31,10,abundance,0.10819370596006186,6,36,0,0,0,0,0,0,0,0
beetles,KONA,25,10,abundance,0.21215479668232753,2,32,0,0,0,0,0,0,0,0
beetles,KONZ,25,10,abundance,0.08838490057489837,2,3,0.14193642259909126,0.1468197020195804,0.09527232819650139,0.23502553769967768,0.06002631538960809,0.08953758802274675,0.1130117967047035,0.1164508151126114
beetles,LAJA,28,10,abundance,1.3551512402287595,2,38,0,0,0,0,0,0,0,0
beetles,LENO,31,10,abundance,0.074101317127557,2,34,0,0,0,0,0,0,0,0
beetles,MLBS,22,5,abundance,0.20921442109065083,1,5,0.371939499576947,0.36324380582443855,0.5038233919053953,0.44868862035944335,0.3730315400440852,0.3372360948754862,0.39717924061920534,0.36522813712208024
beetles,MOAB,33,10,abundance,0.1622711715630468,1,40,0,0,0,0,0,0,0,0
beetles,NIWO,14,5,abundance,0.10184646603617782,5,3,0.3913456149031018,0.15489470445633458,0.366950976863138,0.0506244551097799,0.06459957106016423,0.07733017215804673,0.07046408104234496,0.09417453036350322
beetles,NOGP,20,5,abundance,0.06980935307407159,4,3,0.07400554424340099,0.2209239752387079,0.04747138798948463,0.07838523616658452,0.03552358191860274,0.05577683526992456,0.22262827862091952,0.13176652425834356
beetles,OAES,45,10,abundance,0.12155126784558494,1,31,0.02458147375985898,0.029414256859997292,0.011318897920909845,0.014959992629991838,0.012342819031703525,0.012186504512876922,0.01801357782345509,0.015004220726846764
beetles,ONAQ,23,5,abundance,0.00133248609721768,7,36,0,0,0,0,0,0,0,0
beetles,ORNL,30,10,abundance,0.06696734576549192,2,12,0.04565360559305049,0.03921479552596989,0.03049783894321163,0.019645484555785776,0.024659759867195496,0.03265871502837758,0.021606038207583594,0.015202569110913841
beetles,OSBS,33,10,abundance,0.060147626953659356,1,28,0.0059690028687687125,0.005893971957678051,0.0053839965191520844,0.00381727111352984,0.006511348596463698,0.005469382685755747,0.004460065827033295,0.0037641101154542804
beetles,PUUM,27,10,abundance,0.321723564458181,7,30,0,0,0,0,0,0,0,0
beetles,RMNP,18,5,abundance,0.12115696919175088,5,6,0.3111925053721868,0.29907224292563805,0.04673022741308187,0.373779091903241,0.021376934812748643,0.05389501026126463,0.12715234053089025,0.1320407103162289
beetles,SCBI,27,10,abundance,5.856460081926317,3,29,0,0,0,0,0,0,0,0
beetles,SERC,31,10,abundance,0.3230100364310594,1,16,0.4104737509683149,0.37021898760115085,0.476726347534326,0.23885004727958378,0.250421270300116,0.4971973148323959,0.5047660456525622,0.25592605033557214
beetles,SJER,43,10,abundance,0.17881347769646294,1,15,0.07274045285845636,0.18342697626779011,0.24028680322359394,0.3221488719595209,0.05609007731783819,0.1604722888723526,0.03939368496543369,0.18347262091486818
beetles,SOAP,24,5,abundance,0.07306508328846863,1,15,0.009687377713212528,0.016109626636015995,0.00853483481717732,0.008904928418453466,0.005911221185702729,0.012375447107586441,0.006522928675313046,0.009142705522190746
beetles,SRER,35,10,abundance,0.2798221281546344,1,36,0,0,0,0,0,0,0,0
beetles,STEI,18,5,abundance,0.2989935938603274,7,16,0.09465364064459726,0.5560732368030815,0.03237128818084009,0.14778649315777767,0.04937563241657151,1.8631347082489265,0.014131251646832937,0.04368276432791638
beetles,STER,24,5,abundance,0.36112095570730024,7,14,10.190192347955207,0.9103569584789998,0.32106789247211426,0.028379748299935982,0.6098765169972155,0.04776897777167675,0.8579566653514357,0.6787255829314519
beetles,TALL,29,10,abundance,0.04727117506823553,5,29,0,0,0,0,0,0,0,0
beetles,TEAK,16,5,abundance,0.06977732004213345,1,12,0.0072465808381447314,0.008929927983995957,0.0109280008771296,0.012998337152732894,0.008454209347505947,0.0099980505286989,0.010810800932418528,0.012492461771803413
beetles,TREE,19,5,abundance,0.09311316697371219,1,10,0.023568211161700083,0.023709768993312938,0.021357309073934155,0.025452205310049353,0.017098884553531972,0.01812156624286139,0.017354873665349855,0.01987880917919458
beetles,UKFS,31,10,abundance,0.08158370577506187,3,33,0,0,0,0,0,0,0,0
beetles,UNDE,17,5,abundance,0.09464261695598694,1,38,0,0,0,0,0,0,0,0
beetles,WOOD,18,5,abundance,0.093613247862239235,4,27,0,0,0,0,0,0,0,0
beetles,WREF,20,5,abundance,0.07236129823400364,7,14,0.027465458244544428,0.03311341412310043,0.3662639101781666,0.054168460887195145,0.00212090886421003,0.054201802254192265,0.024618590035697076,0.004527073316186691
beetles,YELL,15,5,abundance,0.16232234316026878,2,31,0,0,0,0,0,0,0,0
beetles,ABBY,20,5,richness,4.618372760782753,2,17,30.145497283366776,38.106401053031945,64.86440449811624,14.289056156588511,26.13678046411794,45.23219049777194,43.81993310235515,27.99463610023447
beetles,BART,20,5,richness,2.9054124130663443,3,25,0,0,0,0,0,0,0,0
beetles,BLAN,26,10,richness,2.622382570094769,1,4,90.19718312765059,86.99351557013475,101.38972480925275,98.38562141708313,96.79050183791843,104.84561014071254,83.07962018832765,86.20975331185015
beetles,BONA,13,5,richness,2.7348833321069996,2,22,0,0,0,0,0,0,0,0
beetles,CLBJ,35,10,richness,1.715935009356967,2,7,54.83113611161125,43.92564409051283,22.666293077265784,33.375332806742165,96.94125183228118,74.52504612148697,27.775164917088127,25.5084262811068
beetles,CPER,31,10,richness,2.506841008319229,8,16,429.61372613926835,83.88980450000366,10.928398346610415,2.241258283117612,5.49582240911718,1.9524102856574173,12.602068287313873,14.311433777241396
beetles,DCFS,18,5,richness,5.97455424134019,7,34,0,0,0,0,0,0,0,0
beetles,DEJU,15,5,richness,1.3295007946454807,4,3,16.5867071040071,11.790561605061603,20.778307914307902,13.951693994893985,10.041489443889446,24.479274686424688,30.18705462315466,40.94497729492729
beetles,DELA,29,10,richness,2.6507396881372087,7,20,63.56118598074418,129.25816194103095,25.566996407012926,6.407080091311016,3.80483203519828,2.6361011039222926,9.181850288231853,6.340531438656255
beetles,DSNY,31,10,richness,1.6112941068536693,3,5,63.20826219975555,126.51700017279084,52.92825376868848,30.03183885672395,36.99430450116754,49.43776302242771,52.642485469129966,39.26371028888581
beetles,GRSM,26,10,richness,3.561233686755251,3,20,88.2677101921356,164.34100176374557,17.489613527292168,24.766816819391256,31.46075613439388,23.25747502711331,11.22497292046245,37.249242549467944
beetles,GUAN,28,10,richness,0.25916420719733396,8,27,0.17737739926739926,1.256611385182323,0.33162481569959823,0.010387099567099569,0.06893780663780666,0.0023809523809523807,0.044453805453805464,0
beetles,HARV,20,5,richness,2.361340383200477,2,17,9.563265015419734,6.885118607665125,21.563377972216983,4.674405257229871,20.38563542449124,16.200135337993622,14.251348359509436,14.343851535186518
beetles,HEAL,14,5,richness,1.412702197917169,1,2,20.138284160284147,18.65564998335,12.371599805749806,16.32397450327451,15.588618775668786,21.771984171384158,19.9000288933289,14.337859706959723
beetles,JERC,29,10,richness,1.8352907582858655,8,18,62.67295115425275,12.821705683314324,3.0319324779280974,6.490313607646752,105.11912841488248,6.321807404826428,1.8847385694726493,2.6093758748205875
beetles,JORN,31,10,richness,1.041336077325345,8,10,49.89363711268614,9.324862587128928,20.647075804011514,5.295887741790386,3.719282261522245,6.42326410937119,8.323218921326932,7.3116216669757135
beetles,KONA,25,10,richness,6.817634640137296,3,34,0,0,0,0,0,0,0,0
beetles,KONZ,25,10,richness,6.036426433710594,6,34,0,0,0,0,0,0,0,0
beetles,LAJA,28,10,richness,1.2832741050030694,7,35,0,0,0,0,0,0,0,0
beetles,LENO,31,10,richness,1.330257733377911,5,9,35.401572899614145,77.84255996374966,27.763898471135697,23.674026270561757,5.079665033093676,15.638404422874089,17.03516965399865,24.04711470330307
beetles,MLBS,22,5,richness,3.4529061818390607,7,15,178.13846658058134,102.5793673749539,42.327098192957685,171.52373325858858,23.03372896073655,9.992912443653704,9.411482277036692,12.645052697483116
beetles,MOAB,33,10,richness,3.9398856364471833,6,33,0,0,0,0,0,0,0,0
beetles,NIWO,14,5,richness,1.2492628415184992,7,10,22.246987673437662,27.79077217227217,75.62319642579644,7.476573959373957,3.2456599067599075,14.335924525474516,8.280007819957824,6.466748945498947
beetles,NOGP,20,5,richness,1.7141589693555914,4,3,73.35800870388638,125.14130581354505,45.5914122727376,47.24102574761834,10.248081803344576,29.487225666146713,34.280739539330646,53.985167120057405
beetles,OAES,45,10,richness,3.397394901109797,1,29,27.380129310610606,23.52768011899428,18.781791398343827,16.753726457637615,11.62163447439508,18.010204560253143,16.146484878533247,22.437712511357184
beetles,ONAQ,23,5,richness,0.447639471459251,3,36,0,0,0,0,0,0,0,0
beetles,ORNL,30,10,richness,2.4468895592764897,2,5,169.53935892968119,146.9700172694609,103.93368941150722,70.58444304040964,77.27865712536047,74.93112137300983,62.022924102994565,108.47552208090943
beetles,OSBS,33,10,richness,2.2407057324257598,2,28,21.912113664726967,10.661927981998103,3.002121777093523,6.577915412671058,9.092899420397567,16.55221804939666,4.843878921730399,8.707541600910215
beetles,PUUM,27,10,richness,2.2668605145867695,6,35,0,0,0,0,0,0,0,0
beetles,RMNP,18,5,richness,2.3524352079084787,7,36,0,0,0,0,0,0,0,0
beetles,SCBI,27,10,richness,2.589681254215703,2,5,171.16757696877752,185.33223291423536,150.89286604871086,87.97504411911127,66.78626699552323,202.71359137067043,103.09431438234739,101.4855034969199
beetles,SERC,31,10,richness,2.7595572479908124,7,9,219.68742633419689,676.8748025517261,153.4201871955784,57.39208174444507,24.067511525281862,24.57677815099907,137.7317029577767,24.20175587896189
beetles,SJER,43,10,richness,0.773333788872724,7,10,2.8535163257093825,3.9174663352763193,19.18433444806696,43.06925376841385,3.6185310332639493,6.54250805824894,6.824828687268285,8.579820424593976
beetles,SOAP,24,5,richness,2.1824501266901817,5,15,3.9377129871934056,2.2086453728246296,66.0208504360105,39.91346024587729,7.048226640610854,11.179676186154744,7.415853019177245,15.152282588008829
beetles,SRER,35,10,richness,1.6189396571467227,7,13,170.29941407550257,17.518734269438088,49.79477483056112,1.414980808262177,16.006845242756228,22.18336454956968,5.080491507396559,14.545586646805587
beetles,STEI,18,5,richness,5.448378284033326,4,24,0,0,0,0,0,0,0,0
beetles,STER,24,5,richness,4.811862071980108,4,14,252.0110821059285,123.37242867399198,114.8591135327091,40.456606591791434,155.29798960467636,48.04696954153516,94.37918835791834,205.2694891849666
beetles,TALL,29,10,richness,1.6832039821394917,1,10,24.136611116441856,23.663404842553213,15.009285629680258,18.132087032069112,16.263034978791485,19.271197511843294,22.717094121750694,20.837021657948355
beetles,TEAK,16,5,richness,1.1056332215898517,5,11,5.156175566100566,0.9266076562326561,4.87086213231213,1.0998758547008545,3.069544078144077,1.1345131451881452,2.4973946192696177,12.201175505050488
beetles,TREE,19,5,richness,3.6532466261616663,3,12,44.79102598063272,90.26070113132486,76.69306969961583,96.01260027932163,21.87068713957181,32.26078921183735,34.533328640855196,14.77019742318225
beetles,UKFS,31,10,richness,8.339616362013105,5,38,0,0,0,0,0,0,0,0
beetles,UNDE,17,5,richness,3.8573571460585723,2,20,0,0,0,0,0,0,0,0
beetles,WOOD,18,5,richness,2.8434552140998868,5,7,41.16437616223649,38.252944855961005,203.44745768512504,45.07410591777502,43.69250302197802,69.8389124646595,104.61637289573167,76.50526032986626
beetles,WREF,20,5,richness,3.2311250362683275,6,30,0,0,0,0,0,0,0,0
beetles,YELL,15,5,richness,5.157328983107438,3,36,0,0,0,0,0,0,0,0
phenology,ABBY,989,10,gcc_90,0.0028407541966356227,5,3,0.020596056743049693,0.07266543095276108,0.023339190145269712,0.007510596208062325,0.008967005069793886,0.006706826390915856,0.006749346178758322,0.008135889252494035
phenology,BARR,567,10,gcc_90,0.001923758801161357,8,3,0.005651977391714795,0.009944260567024065,0.008128835579852011,0.002970248319950385,0.001504331751188193,0.0037021946251064182,0.001859228973091899,0.001868352360048692
phenology,BART,990,10,gcc_90,0.00955982879798304,3,6,0.4622591650467418,0.7477493083313388,0.2808825433056632,0.05490241049341347,0.07767160355762294,0.08829299691547504,0.06641699492711811,0.042592260307567326
phenology,BLAN,993,10,gcc_90,0.007107762213411513,5,4,0.31852523250045484,0.8474489022582351,0.25348377169906844,0.038528085519798444,0.036187602952107566,0.04215419874844929,0.06412324082845128,0.03775985104991259
phenology,BONA,671,10,gcc_90,0.0019835978739645363,4,5,0.0582983655377095,0.1290845242313315,0.009819096462824126,0.0029007238433342596,0.0031817481779264937,0.016942618682782788,0.0034361932315197974,0.002108741255601837
phenology,CLBJ,990,10,gcc_90,0.0043884551184694715,5,4,0.12133005405716979,0.22630777204780586,0.10054778758118456,0.030265096710385395,0.009818803048203435,0.018061806868682376,0.021856363223514457,0.018639888220834983
phenology,CPER,989,10,gcc_90,0.005061641355281381,3,10,0.04999560706380584,0.037007549914862,0.03839944159840493,0.009512697979344674,0.01420220499747206,0.027001246452000728,0.008916339938651171,0.012498455569664049
phenology,DCFS,992,10,gcc_90,0.0050842250045130535,3,4,0.09103743400503572,0.13659211175708905,0.07272613018325176,0.017371695022707502,0.02758584473027944,0.061591918572793315,0.014917189090100294,0.019859592814514323
phenology,DEJU,727,10,gcc_90,0.001374365323034929,4,4,0.037446114415714056,0.07483809379158322,0.006774221443553622,0.002076544217158488,0.0019316256556895903,0.011593617724456724,0.0013712080356206124,0.001142261128326024
phenology,DELA,992,10,gcc_90,0.005890853731406594,4,4,0.10305320203614826,0.23000518874409667,0.30282272158879675,0.028507198366675677,0.03142241220890627,0.04283587219061589,0.0391229356956759,0.03733257426910389
phenology,DSNY,991,10,gcc_90,0.009894528568656443,3,6,0.20727198429610263,0.25200154626120613,0.1388458337242538,0.06845587144410757,0.08729008986008012,0.06151666571805677,0.06822586249127342,0.06794752468141076
phenology,GRSM,995,10,gcc_90,0.0070389120597392765,3,2,0.23691905996439064,0.63517895463319,0.43738354132613566,0.05307189506572604,0.07315670953479515,0.06117047949124452,0.08575844191190715,0.04419227933429748
phenology,GUAN,973,10,gcc_90,0.004349339291237486,7,3,0.01998859301021313,0.04144778012182204,0.03740776427480535,0.02606347067450822,0.016007567758097536,0.034761863503944286,0.01433690183992879,0.04886461383987913
phenology,HARV,976,10,gcc_90,0.010282363655582901,4,6,0.4849695013262636,1.015378422075947,0.2171457229072858,0.06348441305186774,0.0485925868734965,0.06706105777040687,0.09235678943149954,0.06332737255551009
phenology,HEAL,718,10,gcc_90,0.0046678387164374195,4,2,0.13799445134722313,0.15588734216423727,0.027205526604723276,0.012354217613953215,0.013531264253677034,0.02378767263616739,0.013530951981774644,0.018965026778899927
phenology,JERC,991,10,gcc_90,0.003633437811730034,3,4,0.027433941153129106,0.02512179865426175,0.021662899401001287,0.009002883400788449,0.011223489258733182,0.01372604958849652,0.01065620109632218,0.01149323484553064
phenology,JORN,989,10,gcc_90,0.0033105497630283114,3,10,0.01674191791405447,0.011448733351397851,0.006484243179762119,0.005278988586051293,0.0054573461327362995,0.0075847585652129715,0.004329206329817871,0.005290759883076373
phenology,KONA,989,10,gcc_90,0.01077502263426141,3,5,0.15058581492765227,0.10979644925853352,0.12944055005354016,0.06516398308414431,0.06191023368311681,0.1078761340523265,0.07081816273568502,0.08262372016091622
phenology,KONZ,987,10,gcc_90,0.005722173226592112,7,2,0.5850527459054864,0.31224827670785604,0.17374100236309062,0.025859139136526092,0.02706180453650048,0.04684933299401237,0.05144151638698092,0.03878698832883981
phenology,LAJA,962,10,gcc_90,0.005622626445413193,5,3,0.08226431922802223,0.09029445462756608,0.05041835824824487,0.02442720599752152,0.030535146460695828,0.03661942118173891,0.024199092102055533,0.05690208321402104
phenology,LENO,976,10,gcc_90,0.0059692976540817065,5,4,0.09437197768153778,0.31531390739112375,0.20620148893317372,0.03239159259635317,0.03492008739812863,0.03453711304174335,0.05161785903967388,0.03092220101575831
phenology,MLBS,985,10,gcc_90,0.007269593824864811,3,10,0.16792473176624317,0.34152119670126224,0.1279908719892855,0.027104015083458066,0.02128456307643684,0.028451419613835235,0.030201147239459786,0.021110483314543363
phenology,MOAB,979,10,gcc_90,0.002634553469797095,5,3,0.017295686610224476,0.017280648055154894,0.013248160931818955,0.007136480238421743,0.004013827524992095,0.009333418848015402,0.006837423482444652,0.008631048004926048
phenology,NIWO,984,10,gcc_90,0.0017751616550879526,5,4,0.04667013435059567,0.05795900183837445,0.004858603182712789,0.002430816203341365,0.0034095361673346617,0.00626552068725342,0.0017687304468328076,0.015029611136739257
phenology,NOGP,988,10,gcc_90,0.00561416338362719,5,12,0.13211085158501065,0.2931824690501113,0.05352606973059498,0.010697043609141718,0.008527094474235147,0.03233487860341973,0.00803280759224704,0.013897445014697625
phenology,OAES,942,10,gcc_90,0.0037734896765281717,7,3,0.256630887227731,0.03995756871080486,0.05411866237137995,0.012328305016969781,0.009885962047174762,0.0243597412542974,0.015034315735030578,0.016532409375627537
phenology,ONAQ,962,10,gcc_90,0.0018665914558879733,4,17,0.0026450492176355454,0.005779581546119808,0.009095162683324432,0.0010489716911301094,8.71529728509497e-4,0.001600099867846879,8.198476690307066e-4,0.001168720326526075
phenology,ORNL,953,10,gcc_90,0.006735201458516369,3,3,0.22512746658600646,0.53301931179314,0.38269625870065827,0.04608920622684999,0.04366999497341998,0.04867966276952422,0.054964846408333205,0.04914344396070834
phenology,OSBS,987,10,gcc_90,0.0019631140427399433,6,5,0.00912272392999547,0.030553295297893232,0.008122137956413292,0.0031694860208423777,0.0020626222137627897,0.0035544901312559592,0.004183650442213676,0.0027956474873962064
phenology,PUUM,925,10,gcc_90,0.003176705150328355,3,16,0.002861327069852028,0.006240413789574736,0.002796507045136682,0.0021936328848139253,0.0027357413691405786,0.002223134682263324,0.0026814544779477237,0.002515946661846204
phenology,RMNP,959,10,gcc_90,0.0031928069335155863,5,6,0.09407177899371988,0.24045854347262868,0.01321414955603969,0.007644109578061814,0.012180559533473818,0.023730157654977786,0.005586556374983729,0.01865685542364583
phenology,SCBI,991,10,gcc_90,0.009609151842091598,3,7,0.35842744503486534,0.6882625428939074,0.3806419095238216,0.048139809741178846,0.06256372262132033,0.05759414828739553,0.06589145520977634,0.06023725933886941
phenology,SERC,994,10,gcc_90,0.00795521376788926,5,7,0.19290561284781033,0.676809105518688,0.38205367745726787,0.055984992367595326,0.03808847071720216,0.0341567190138153,0.04451443664170988,0.033497100816642936
phenology,SJER,981,10,gcc_90,0.0013542505060558736,4,4,0.0033669996233537136,0.002153474414242404,0.004086790242507761,0.0019457294326332563,0.003568909279166229,0.0024726425376465247,0.0016496697346169659,0.0016644244640263964
phenology,SOAP,695,10,gcc_90,0.0014661785975340741,7,2,0.009425384053142442,0.02011228940563081,0.027878408292898064,0.006629426711562824,0.002758856458565049,0.0018085314815585985,0.001783889556698504,0.0024841843292908354
phenology,SRER,990,10,gcc_90,0.00599670368659053,6,5,0.1597257194451914,0.06156921216952646,0.09860331973823194,0.025070516208621427,0.020344823925143078,0.0634572235548161,0.020331717846500542,0.02761685483925857
phenology,STEI,991,10,gcc_90,0.007398429995515191,2,4,0.2763350424650878,0.3970536870518332,0.25283075048843023,0.037905108399335176,0.05674339113097351,0.06579874816881884,0.051296808852148636,0.061770847457737685
phenology,STER,963,10,gcc_90,0.004992785366509975,5,3,0.08518506558215463,0.03411356123420665,0.06625462953001249,0.015683911847290576,0.018690617330583994,0.02472902842549019,0.02526610409863744,0.01788683420502029
phenology,TALL,987,10,gcc_90,0.0020182638204170635,6,12,0.007611495804498219,0.05221540358619945,0.00872918333236311,0.0016116729173580237,0.0012156593930147323,0.001760336008774,0.0034713201587770136,0.0012546300721664992
phenology,TEAK,608,10,gcc_90,0.001699807840115305,5,10,0.004082238945783778,0.011407792250298414,0.0034113048704339103,0.0015562687038459227,0.0020736320879495857,0.002556812851940025,0.0014768340732129936,0.001064675504478771
phenology,TOOL,622,10,gcc_90,0.005302086607351704,4,7,0.048049147194686,0.06989119848353138,0.013328144920468304,0.011167837871889049,0.013020158086178645,0.010568873949776911,0.007758490242078596,0.009609047891296858
phenology,TREE,992,10,gcc_90,0.008837426824136772,3,5,0.27201506474205195,0.560641108304377,0.2865573452231732,0.03854848850747819,0.06384436733211096,0.07206154021916207,0.05760162018900367,0.06524310933120199
phenology,UKFS,989,10,gcc_90,0.006449112683869007,5,6,0.4551181206371152,0.4841768777349148,0.17490522081920123,0.020528896734302606,0.03554942729049401,0.0509850197200107,0.06449172989451063,0.04037423492489447
phenology,UNDE,960,10,gcc_90,0.007727176811572945,7,8,0.08685425036940712,0.743731461251121,0.12428820526917576,0.023986498813727143,0.04562129983553515,0.02316410123618046,0.044769175503991045,0.04247597944267391
phenology,WOOD,996,10,gcc_90,0.005917023413352846,3,13,0.06050023033028561,0.08548244315099149,0.04783065479701806,0.010281154993669146,0.015547275820729858,0.03729435248723403,0.00771323948521183,0.009304975868540474
phenology,WREF,992,10,gcc_90,0.002140177670163503,3,7,0.00685695314335317,0.04633884862085201,0.02088940651190754,0.007415289721367661,0.005276215050700083,0.013281564491929833,0.004863799376270572,0.0057951435062636196
phenology,YELL,968,10,gcc_90,0.0012051317451656723,3,9,0.011452491570563453,0.024854872802748028,0.004478170899088044,7.245850307542607e-4,0.0011184376763965314,0.00858526997595764,8.467630250479705e-4,0.0024813683698934703
phenology,ABBY,989,10,rcc_90,0.005333316887586198,7,3,0.07217584116355315,0.06238760684848164,0.14253872237999804,0.024909682821697598,0.019504118625605988,0.02314206668629368,0.02575927794520761,0.029019993907709558
phenology,BARR,567,10,rcc_90,0.010530211864381618,4,4,0.4088389617417538,1.0989246204442884,0.12668607989778008,0.03950790845243724,0.05821986413062527,0.04648137183783395,0.046436413006201036,0.08096371432881463
phenology,BART,990,10,rcc_90,0.012344516997858374,7,8,0.10355628860499386,0.41914413833339415,0.21074051393040488,0.08883380468627826,0.11652646217209987,0.07272028253373534,0.06682384555585306,0.06144903336402786
phenology,BLAN,993,10,rcc_90,0.008137953238353694,4,11,0.0657419972546796,0.1656309359088286,0.07863635326599575,0.021825491424870003,0.037814876181660635,0.05131198680125662,0.03362155444627815,0.023415381937210867
phenology,BONA,671,10,rcc_90,0.0062438461102600875,3,4,0.0643131269773074,0.1661058183557456,0.07312493307589064,0.0217639467640255,0.029479091418880755,0.09769568949737781,0.020118063034613193,0.01857046098293855
phenology,CLBJ,990,10,rcc_90,0.005330147805336529,6,3,0.08925471666368844,0.052040562136440406,0.09512676436738497,0.02584353783910091,0.024237076501354947,0.03815502246793475,0.024146247746573684,0.025879551011263432
phenology,CPER,989,10,rcc_90,0.014614328630168207,4,9,0.18205154872038112,0.3376724168568777,0.13770697641423488,0.10254689805190882,0.08647415145735088,0.5294648230729762,0.07669329306099318,0.12610027137669788
phenology,DCFS,992,10,rcc_90,0.011787026614503215,4,7,0.2627098731516302,1.1445769255753286,0.12404807400313665,0.07205357279315668,0.07411015398759292,1.0390130627353817,0.061687553065773996,0.09402345387775075
phenology,DEJU,727,10,rcc_90,0.006415465419605149,3,9,0.03163641884577574,0.1149310397591644,0.07578737681453428,0.01708993615223856,0.021965226858492982,0.06897876948645132,0.019598241256331823,0.010469398471500675
phenology,DELA,992,10,rcc_90,0.0075209147059015725,5,7,0.11343216808637771,0.1960102037422475,0.14541735707186715,0.03460699405743349,0.04180610005518018,0.04137980783999139,0.055619882992036955,0.042016808002252444
phenology,DSNY,991,10,rcc_90,0.0064721746711525,3,3,0.05606615942151528,0.07624561160812825,0.14731654252029586,0.03780473974950008,0.041021191366251944,0.04219979416274759,0.043245537742807864,0.03334346858951965
phenology,GRSM,995,10,rcc_90,0.008867179926516536,4,3,0.20337764263078437,0.34949773597432165,0.1937598536483132,0.07199884817466753,0.10424219741547804,0.11897541210910365,0.08849116348999916,0.06503699459357966
phenology,GUAN,973,10,rcc_90,0.00530865994559253,3,7,0.0228651800805496,0.030555587730637466,0.04139641140952136,0.015842938659793523,0.017766868625944333,0.040845059350270066,0.018500387542193977,0.030246562804446285
phenology,HARV,976,10,rcc_90,0.011873470723277527,4,4,0.17860840939237801,0.3701670735789951,0.20753375418228628,0.08958528740597461,0.10947844847316518,0.2037009821471673,0.09275907161174544,0.10857120779901613
phenology,HEAL,718,10,rcc_90,0.013169404403688677,8,4,0.2572640742039657,3.6296422603201877,0.30959756320044995,0.121250774204827,0.053899901906635926,0.060547200213709594,0.11289930292771502,0.11057719589008347
phenology,JERC,991,10,rcc_90,0.005416400277667087,4,10,0.050436905040436554,0.02769112166861582,0.05676380486379138,0.013154979446477597,0.03353592243211878,0.018510343769380398,0.012474891701188274,0.016181486266212075
phenology,JORN,989,10,rcc_90,0.0057505887713307285,3,4,0.035622848035035744,0.037511443857796846,0.030997715809626427,0.025808156717960055,0.016521366946119328,0.02565827167177558,0.024023941742087142,0.025256328109446717
phenology,KONA,989,10,rcc_90,0.014478136266202927,3,8,0.1352803845117667,0.2478038286662965,0.1459667382817349,0.08637710186492388,0.10447745246275102,0.22918592041874833,0.09965799661194336,0.09628027772387361
phenology,KONZ,987,10,rcc_90,0.009973519369100212,6,5,0.6675706522613427,0.2753829755216982,0.2951459501074706,0.0696169054809369,0.08046474424108228,0.11369959798128007,0.08518618390905165,0.062395055968245274
phenology,LAJA,962,10,rcc_90,0.005394920810181577,3,3,0.0505436354603479,0.057466491894349665,0.039121639101906545,0.02422901402717064,0.03147809487284154,0.030537773264406057,0.022399648623950146,0.04672800881112251
phenology,LENO,976,10,rcc_90,0.008861500527041518,5,10,0.09722607465526123,0.21797579849625695,0.1228079120497007,0.03039928784169802,0.027280554716116647,0.042232609667754724,0.06228684752493516,0.034803179729040574
phenology,MLBS,985,10,rcc_90,0.010456825142968546,4,8,0.09958570231013068,0.2037521115141345,0.16521919910970723,0.05567375716605853,0.07953401655252461,0.08146798079400411,0.051845232895286975,0.061863746027414034
phenology,MOAB,979,10,rcc_90,0.012877118969575416,4,5,0.2126774941067259,0.9105756982354947,0.2594873549419445,0.12580932706381429,0.09893568080249977,0.6756901428128311,0.11795829762057333,0.14872296119535597
phenology,NIWO,984,10,rcc_90,0.01025632016141263,4,5,0.2915616910966643,1.0673672465546198,0.2571487920848568,0.0795861456885696,0.11953328783221528,0.3193161443540027,0.07831345107711858,0.49453150414563135
phenology,NOGP,988,10,rcc_90,0.01263765007408835,4,6,0.26331450342461965,0.6333242238055081,0.16516214852818625,0.10853623174792837,0.09680477069721147,1.2215706923209362,0.07519298337786513,0.09659740328141238
phenology,OAES,942,10,rcc_90,0.009789722583228482,4,8,0.08540520079825133,0.07480258507552001,0.1178597256939796,0.047219932164107956,0.0758820000731457,0.11081523327225434,0.04174648819826996,0.04199875783276559
phenology,ONAQ,962,10,rcc_90,0.00975815533560752,3,8,0.12572639164746321,0.509684961633736,0.1581178397628552,0.06697188741835365,0.052765111712776765,0.38163750480532865,0.0647335932352256,0.07873276552616447
phenology,ORNL,953,10,rcc_90,0.008850628659094646,4,6,0.09604497620557156,0.23858983194984668,0.18294021614237443,0.04525649948945481,0.04557188784866343,0.07617366755829415,0.037116634600555996,0.05905642507723218
phenology,OSBS,987,10,rcc_90,0.0044052390114062406,4,9,0.051993090569593094,0.01854908413640317,0.033696471190324796,0.009324309320675891,0.03431831201582673,0.0180080285777349,0.010824095384921491,0.01343060881421578
phenology,PUUM,925,10,rcc_90,0.004079325252430512,1,8,0.008478731686574608,0.00583988774068228,0.007253089707562072,0.005708209512021151,0.009441711901967981,0.00845726808848298,0.006445883950424698,0.006234396968256591
phenology,RMNP,959,10,rcc_90,0.012483055111464378,3,8,0.1257357531963079,0.2130837208296356,0.10197396804759522,0.1432592937783802,0.1657551420396212,0.2528235809924427,0.06821567861647417,0.09931383214348975
phenology,SCBI,991,10,rcc_90,0.011098603956086804,3,11,0.1534225155202551,0.2952758935743068,0.18018980572715088,0.04559853161564364,0.12273390146553767,0.09354940374563586,0.05774428694242716,0.05096625232529875
phenology,SERC,994,10,rcc_90,0.008038128124480095,5,3,0.12119627849186697,0.45825612116165615,0.30977789423653607,0.07997783802352604,0.09217702363180608,0.06298033209291473,0.05014304295441579,0.04857059214771351
phenology,SJER,981,10,rcc_90,0.005368851534375535,5,3,0.03332161103314588,0.046718348950186415,0.10238232259358497,0.04642517250945905,0.011114058498113113,0.08486246884333866,0.027988599900013733,0.022264762618359867
phenology,SOAP,695,10,rcc_90,0.006817257577895031,2,5,0.02536300044230406,0.04398183511199491,0.09085812094065585,0.05212415583963131,0.03250861170689323,0.05269003504005657,0.02682961970474405,0.0320439205004821
phenology,SRER,990,10,rcc_90,0.005289740258348121,8,3,0.08297899412030547,0.04246073765691254,0.08295394820574496,0.02427570743017439,0.01752162629301388,0.05973250865717401,0.023682438831329946,0.02056173127169512
phenology,STEI,991,10,rcc_90,0.009125879128726009,3,8,0.06557474749462665,0.16631241897212912,0.10138368871489072,0.03686566865286321,0.047557955215396894,0.08981076906689736,0.027079480235749954,0.05069147505143274
phenology,STER,963,10,rcc_90,0.01133992642334634,5,3,0.2107116576816398,0.6408843020445526,0.18844828973585645,0.09582885297127057,0.0801357283694914,1.2065698823545867,0.0898651430012426,0.1729934182874179
phenology,TALL,987,10,rcc_90,0.004225162289202377,4,6,0.034253131352254745,0.0164246763625901,0.04354245274562795,0.01104453441893562,0.04072367404402257,0.026494592448446114,0.012230044965729634,0.013553885537186207
phenology,TEAK,608,10,rcc_90,0.008613399225564892,2,9,0.021900462102375045,0.04251337124127903,0.03606095514313401,0.02211013317049603,0.03979340662583081,0.043537306686817885,0.02381341489052884,0.030912191323965832
phenology,TOOL,622,10,rcc_90,0.015396521723293397,6,8,0.7479145847215389,2.5916542868804533,0.17427995165986965,0.06326991193284276,0.11429719657928535,0.10753875188653192,0.07505056144085984,0.07695918992572638
phenology,TREE,992,10,rcc_90,0.011330917276029494,5,2,0.1498489523789965,0.5877184687654302,0.2805504776235034,0.11945436973153369,0.14585552958338327,0.24657533136826423,0.09060032741930402,0.179824089802275
phenology,UKFS,989,10,rcc_90,0.006088891120347354,6,6,0.03363932115092009,0.07822012437093682,0.09327775020551507,0.019342160334522716,0.05833581672172225,0.08392846324273168,0.020919473088359276,0.023100745060800475
phenology,UNDE,960,10,rcc_90,0.012686598158329022,3,7,0.14991902369395,0.38971050978539046,0.23908594261402158,0.08704746909994024,0.1111383619181999,0.1543801005841183,0.07336438301337266,0.10215485725211874
phenology,WOOD,996,10,rcc_90,0.010517890565912512,4,3,0.2610400385372783,0.8749974455644762,0.17191245367867794,0.09085253010290821,0.0883003137450861,1.2492363224853498,0.08216828266437753,0.11664596220627965
phenology,WREF,992,10,rcc_90,0.005473711815809731,5,7,0.024804960823023723,0.04569329733944699,0.14557640405808464,0.050067605451045924,0.03694494072792918,0.02856801389526885,0.024542723669967265,0.04775006635516557
phenology,YELL,968,10,rcc_90,0.007281434133123889,2,8,0.02821042784587885,0.0556431329732696,0.04741764458451669,0.020927690171203,0.028101732065775684,0.047501132127371296,0.02704341113710953,0.03811034570142582
terrestrial_daily,ABBY,705,10,nee,0.5739472331906869,5,5,212.12133530515328,296.3371091105014,1414.360277370475,513.2258576275215,439.84836900604967,483.2267300859074,175.6729824435768,166.1752826602615
terrestrial_daily,BARR,242,10,nee,0.15593080358987005,3,9,11.393776119989118,24.777064474567663,5.859658287374051,2.4984545852458977,2.8727690467386178,2.2394668153997954,1.8475376424553156,2.333348350626867
terrestrial_daily,BART,698,10,nee,0.8033366751293363,3,7,1158.20777046929,2321.9204032911784,1107.4261649816515,338.8390894498297,202.64356067310527,479.8017454566728,218.29611537628057,233.92270672973635
terrestrial_daily,BLAN,765,10,nee,0.8304059053964962,3,4,1080.3207409807612,3237.891293794275,2691.6561390140882,454.6466052767729,419.25583944522504,628.6470194041327,491.9994661812813,405.37954830443
terrestrial_daily,BONA,630,10,nee,0.34640265224468936,3,12,51.85821146208468,121.61578304700484,121.62791278342189,27.813023836528565,19.324583451518745,101.59799513076283,18.629590621494202,20.252433354230885
terrestrial_daily,CLBJ,813,10,nee,0.8093331913448656,3,6,772.7346075584256,1601.4488380236057,1568.508163595351,454.7127824059252,246.8234187568177,516.2643697765358,337.6553286503911,333.94216316283655
terrestrial_daily,CPER,695,10,nee,0.5317612532041591,2,11,88.30431489376643,61.47776315580731,145.81679916296505,48.94963529859953,60.78375499464249,55.19649413769594,48.476332983971474,41.23659926239873
terrestrial_daily,DCFS,744,10,nee,0.5003207450933495,2,6,184.37916795090038,227.0663176450021,351.9429891009754,73.68301564299476,83.85316664396585,144.70821090773137,89.10233685150573,86.7430642315678
terrestrial_daily,DEJU,665,10,nee,0.25135503087114996,4,8,88.23259142272384,202.26350992923247,91.28522675502204,19.29414084172868,20.95070107655323,46.829744467430686,18.20968362896492,17.444786711002774
terrestrial_daily,DELA,662,10,nee,0.9491108926389992,3,6,1260.7893495992882,2912.782344117586,3880.524895616148,425.1255726184264,395.5562486886996,508.2092591630823,443.38644161193247,490.410990919308
terrestrial_daily,DSNY,648,10,nee,0.5446388816618022,2,2,214.00184310477312,264.2372337211846,327.0168941868622,204.69261105877885,173.894453746944,284.2862448822047,241.37111485352798,141.4619799857181
terrestrial_daily,GRSM,603,10,nee,0.949136458229841,5,5,765.0397152993658,2913.607871107642,2321.497108912977,371.51188203904326,396.6925118442855,342.50129992381926,679.0898516708495,347.0555764322611
terrestrial_daily,GUAN,509,10,nee,0.5582193580293467,5,7,126.70924730816817,317.12314873175904,630.0860782778175,197.89108065452714,97.50036784912474,138.1982563543222,147.73204145854115,114.54729693424915
terrestrial_daily,HARV,667,10,nee,0.8747464975280776,5,3,1147.9616720782967,3949.0225450648168,1345.3971437077673,426.0636102210613,369.4221991492571,510.831367795638,617.4766186095962,537.0822654822927
terrestrial_daily,HEAL,700,10,nee,0.19658528878270498,3,3,100.88312462449137,192.81678467792995,58.99055069154581,25.858462590150587,20.725585906233693,53.00123122352309,20.586230973932825,33.587631695402536
terrestrial_daily,JERC,734,10,nee,0.603755503475075,3,2,373.272130266764,584.2918678157896,1452.9330714444877,282.37145897678045,256.6746657364601,476.4395977215622,410.30817413732365,300.0261966607642
terrestrial_daily,JORN,754,10,nee,0.4517329779702771,2,18,33.99609731998675,44.49343981141879,25.272290253917294,29.454047246491168,32.14160373103639,36.30688427551704,26.236143367400143,32.2093564263629
terrestrial_daily,KONA,615,10,nee,1.154526062978414,3,5,904.7344139276063,1150.3259338116115,1018.4961100403926,422.57711432660705,429.1314859195654,560.0501262989937,579.2717222320482,570.3217617438071
terrestrial_daily,KONZ,702,10,nee,0.5530683666423492,4,3,547.3941121701329,855.2614900235349,1014.8188960451399,228.02651859391682,147.51481441471932,263.9738131634781,299.0605624485608,206.27777414911998
terrestrial_daily,LAJA,509,10,nee,1.0416492939113726,2,3,567.4310816488821,593.436990534051,482.4637570723065,464.82869499397816,537.7594781068772,627.1047656610458,739.5088578768629,523.6812324547535
terrestrial_daily,LENO,351,10,nee,1.0265210914376954,5,6,501.8681159648135,965.0092757476049,1354.204307555081,282.2173033613666,187.50837990248866,195.74942222185965,335.249717522324,199.5809608282779
terrestrial_daily,MLBS,609,10,nee,0.978581925332877,4,14,442.161846688362,1375.3143779866248,557.49274310104,217.60395426726114,106.83842242541584,195.46336588511662,236.3927402162945,149.73497395730695
terrestrial_daily,MOAB,752,10,nee,0.13473770259600312,5,4,40.24381573997099,26.491334773270896,36.51918842325494,13.77271779880965,9.913588483157248,34.26718345955855,11.200817739580234,10.882250118851964
terrestrial_daily,NIWO,594,10,nee,0.1261162626716598,5,2,65.54023304691279,103.42320113686927,12.187634192896763,11.890984714035687,6.589965218097422,15.467500093298037,7.33187766277274,32.161209060038914
terrestrial_daily,NOGP,648,10,nee,0.5773619325729863,1,11,109.91737242524317,128.08688460587553,123.45144605081975,58.318094860976274,60.25529734198958,87.87824838330353,58.73506967702869,64.1756856187023
terrestrial_daily,OAES,762,10,nee,0.6424607359897642,2,8,161.8503241141492,171.19940434206936,261.4882954202863,105.1247925831566,164.08050933338023,154.52616063315585,124.8873254503831,109.67849038505024
terrestrial_daily,ONAQ,696,10,nee,0.4301689401852357,2,19,78.75835716240802,61.92149666993073,32.74366802213592,20.04557043122234,36.63114058705778,38.82119659372279,19.32940511452045,27.255756452365002
terrestrial_daily,ORNL,706,10,nee,0.9667373415571006,4,5,1472.5688156040983,6011.679120830056,3260.393853244111,590.6901846631763,479.0351712085492,584.7696776347087,529.6209769888186,433.47602816750526
terrestrial_daily,OSBS,537,10,nee,0.3520326368641312,3,3,79.89601150591622,60.93339286545998,129.96922057480776,64.12420382329798,69.40810465841838,151.07001279440124,77.10771763865111,49.80885645290748
terrestrial_daily,PUUM,395,10,nee,0.6546069490136945,4,14,38.388202904364526,45.53268151314248,73.03775251204331,41.63667438445669,60.367658472229486,55.56390756022381,118.97383608549056,48.678430130580345
terrestrial_daily,RMNP,734,10,nee,0.7047319428620445,3,13,294.13555241353845,464.37183423216277,161.3384287760225,261.9118477760199,72.943694773733,111.95909576983965,86.52432166764399,152.08364179490422
terrestrial_daily,SCBI,622,10,nee,1.0019900628687999,3,6,1500.4737426330696,3126.6710937700186,2829.6497808434915,435.97007387955796,312.24953550973856,457.87828641295914,1016.9788793931066,421.4687515501387
terrestrial_daily,SERC,730,10,nee,1.0135125785186507,3,10,1089.9027522068063,2711.0876029800615,2825.1283627834705,687.7048888974327,221.49242001165214,329.3760618910484,291.92596251003675,361.22951359789187
terrestrial_daily,SJER,694,10,nee,0.6947160641845039,4,10,360.7207817935288,268.25319132035713,489.5971565213114,206.67474202267329,148.77411353542982,208.61450929101622,128.45313693709696,114.38172945243151
terrestrial_daily,SOAP,476,10,nee,0.41818496977713937,8,18,36.39507384123176,104.736016287275,103.7498711315579,33.07343871030663,20.231782835121518,49.374077373986246,31.14916313351269,16.166137494919774
terrestrial_daily,SRER,676,10,nee,0.20454605219245742,3,7,46.18867414383267,23.907173364937332,22.931469088950035,10.74323160284484,18.345888008361367,20.34269771192692,12.19899632081606,16.145208839404514
terrestrial_daily,STEI,785,10,nee,0.9361287692317447,2,11,1010.2657606485338,1881.5360080872492,1884.9251293013554,205.90992492673806,251.88346740334723,509.9719843684811,372.8380206552667,344.10121115016943
terrestrial_daily,STER,513,10,nee,0.6766236688894064,2,18,65.80542848306058,71.0737448387451,89.43407604207074,32.66462128841934,33.310324181590474,36.7439802401575,32.750294990534535,22.444877583848726
terrestrial_daily,TALL,513,10,nee,0.5961045903687694,3,3,165.66000260435789,233.14165287753812,650.2237577645877,136.21827544026843,165.11487846449091,270.31865146574665,317.0539361955874,158.88732887880224
terrestrial_daily,TEAK,568,10,nee,0.43400781171288566,4,8,163.2803341150443,411.14378929810636,516.7830002401528,133.19450275881672,57.55797368725496,108.8767839123347,58.07117562788204,122.06213905968949
terrestrial_daily,TOOL,475,10,nee,0.32772322018610694,5,38,23.344324125851646,74.07956008568334,13.61705810936844,1.6137236021270596,2.5953396285686283,3.6643670863051145,2.214388677742661,3.212230091838585
terrestrial_daily,TREE,726,10,nee,1.0533858500331765,5,18,399.52469388239376,1502.6545538707485,1636.0302105373457,215.48499149714675,147.76974649688583,182.09494296150152,369.9495335093541,266.0359208874487
terrestrial_daily,UKFS,740,10,nee,0.832234555171219,4,14,394.4139717086033,990.903683183947,852.5019599030883,131.44223380748053,90.0759012147653,169.27822514099438,404.3899769657845,120.0725474990671
terrestrial_daily,UNDE,707,10,nee,0.619582026240769,2,4,761.86990821808,1348.3420377583848,938.883664904133,231.0223413867297,154.39305348735732,310.63630461474713,242.15858910699177,263.87270690950913
terrestrial_daily,WOOD,696,10,nee,0.686148644957317,5,24,109.69082062990744,170.47690857877515,352.0252359139461,43.03674265849208,57.098955859918355,140.09818747644002,37.997374003447,36.77849920695974
terrestrial_daily,WREF,517,10,nee,0.7526959526524494,3,9,333.229388682321,952.8119000166943,741.6918859123443,205.7287823400268,215.91007140255724,279.9744029713446,193.50461354287688,128.61306698997316
terrestrial_daily,YELL,574,10,nee,0.2982352068038989,3,8,43.52776646263326,100.25106017118664,89.15552241512562,22.532786544436693,19.179201831441144,70.23336354181926,19.395444260579584,32.56397171743343
terrestrial_daily,ABBY,705,10,le,5.686877009145463,5,8,18260.79269273242,181926.96343632278,525967.6619398653,17732.01416332155,8911.532622838282,45947.96320461646,15462.698136413612,10964.211941592237
terrestrial_daily,BARR,242,10,le,2.0867810441069006,8,6,716.7326535639231,16829.325831694543,4805.338652763508,241.2637421517845,436.7665293534475,579.299814506517,265.8259276223427,500.72764194457045
terrestrial_daily,BART,698,10,le,6.5089235508921774,4,5,138158.86466035084,559271.3359409539,276184.746073001,32293.207361263994,15775.442880788356,40749.5405824415,21588.52867023641,27472.948510606522
terrestrial_daily,BLAN,765,10,le,10.661778079394454,3,11,211265.11359052383,589391.9401990966,740115.3662070815,36757.142905393695,37056.79401641399,97482.07343338669,30622.80803302391,50389.51688315497
terrestrial_daily,BONA,630,10,le,2.7834068416762197,3,4,43164.74354807399,82071.57050526224,38403.853531207045,4747.5115548968215,3438.6623098400833,27165.310344032834,4786.817928340003,3902.944420955723
terrestrial_daily,CLBJ,813,10,le,8.904581655703357,4,3,265419.750760863,658793.2456317507,693333.0111592534,57073.074415987816,53709.86127575712,87204.91810433632,88874.83402685447,66156.65817229943
terrestrial_daily,CPER,695,10,le,11.014663018680297,4,23,65238.19733654671,34632.43383229639,138138.57977955704,19362.4638776529,13304.642576989525,33035.75025823964,11469.849561509935,11786.633303823313
terrestrial_daily,DCFS,744,10,le,7.125887011508469,4,4,175309.83955517487,371640.6278804958,236342.9682286148,42405.634233237644,21667.031554185567,85176.048811247,41141.6728056978,22925.62102497817
terrestrial_daily,DEJU,665,10,le,3.1478461984504515,4,2,41519.42756673749,142888.0825224678,43645.776315011506,7898.583823928406,5134.938519279994,47686.024344286045,16551.59221169064,6191.880292292661
terrestrial_daily,DELA,662,10,le,11.101241608481065,3,10,192290.05618478093,539841.4164460598,752488.3128929881,36779.17527863724,40795.00603418867,134356.46518792943,46581.93877209661,80144.35450868496
terrestrial_daily,DSNY,648,10,le,9.42820055449478,2,8,73386.59760418884,120309.00585292256,164640.37222229372,47571.54807460557,31785.805715521663,51560.9594357305,36498.98536994472,36092.15784440403
terrestrial_daily,GRSM,603,10,le,7.748476545045613,3,3,132994.4347090964,380670.9514703161,424409.37995905423,34979.06417038045,42120.662675015265,69037.51557580505,65259.46145761551,37328.02056927724
terrestrial_daily,GUAN,509,10,le,7.696284834235947,3,3,27361.81076502515,44128.368988404276,64661.703643003006,86442.13513617576,29562.017764100096,37830.573850169254,43257.257258161815,39282.11501987564
terrestrial_daily,HARV,667,10,le,8.459391993227868,4,8,122611.45873938655,469782.6116805897,282634.247635586,26439.183758434065,20978.32079357711,60081.596495276644,34647.33242016346,30830.72976932217
terrestrial_daily,HEAL,700,10,le,3.2386465642902005,2,2,48170.55540224645,89476.13984682622,37128.28757343093,11372.982987122601,9013.292850452191,57046.85302959208,19284.617898065022,11066.060912069257
terrestrial_daily,JERC,734,10,le,11.203792878491194,6,10,70894.05904899177,277942.1018746737,805837.4671151125,40784.915546376506,34238.91849282227,63693.55321272747,143575.41951478174,49125.881901564
terrestrial_daily,JORN,754,10,le,6.637401281028522,2,6,95526.69043462799,63872.96312319035,26279.867323795792,24299.313764571747,56428.42010188824,42532.55882803498,16386.645012215755,23271.031026011144
terrestrial_daily,KONA,615,10,le,9.967434418552665,3,3,126721.18082474552,176853.09453484847,359899.9172592987,59512.85839036357,43681.36361764608,58447.33409281481,61667.28253616155,51277.20593322087
terrestrial_daily,KONZ,702,10,le,8.017614118492617,5,8,146930.68824867252,542033.713060753,378956.81276951043,41691.03564802997,16579.763993493194,19083.982891784268,39987.29639917712,18709.16370812557
terrestrial_daily,LAJA,509,10,le,13.757329771414007,3,12,38750.87963911486,45749.752101896964,36458.078420846505,31717.57624435261,35059.81502305332,39166.105650802194,33745.7440569787,37241.29817055981
terrestrial_daily,LENO,351,10,le,10.565633103620579,5,4,69087.63975064697,156940.0124149859,405779.78350835625,29442.226075832423,30239.911714204096,44741.91679321364,54202.82179414525,26741.145805545857
terrestrial_daily,MLBS,609,10,le,5.028287452036433,6,2,20370.164731377325,201445.85372403928,90050.37224726695,13311.609525866754,10090.113314540573,16747.45097381053,36850.414782415,15031.609224258586
terrestrial_daily,MOAB,752,10,le,8.67070840158827,2,3,45475.02743083396,51502.20425703418,47509.67714357607,42805.86914913776,32444.384417842688,45259.891620350696,60077.92583135354,28520.162065732824
terrestrial_daily,NIWO,594,10,le,8.923723491920386,4,11,66237.16757646021,117812.46089528117,41879.09508978543,28335.502170884814,42369.85912087055,54825.421098894265,21447.52702714216,31233.25747035822
terrestrial_daily,NOGP,648,10,le,7.435610980109536,5,4,90114.36759846818,411842.92322308884,251639.34461082795,35999.1941804486,19112.711755892054,49856.28000665788,26502.251388414006,23832.115465462204
terrestrial_daily,OAES,762,10,le,6.6786877875397215,5,2,238592.71589064464,214790.18458028263,224534.21920193537,31464.62657080938,31221.546626594798,43507.68098442274,40959.60515066187,39048.77659731558
terrestrial_daily,ONAQ,696,10,le,5.642274812891827,5,5,32460.394647714547,48476.39165775594,70170.91695066467,19616.568373646343,13845.073760882988,34797.085705112244,24567.415847463926,11590.284039943917
terrestrial_daily,ORNL,706,10,le,10.789478042509526,4,8,155484.86697203733,580892.6601870117,730575.018616027,42416.442867338745,47187.588162662934,99621.49640099872,64481.7094471262,36464.87426875291
terrestrial_daily,OSBS,537,10,le,7.753095838978346,3,13,20700.811972585296,41397.24322706492,111717.22437947648,10523.044537432464,8322.207970619786,24584.89840334985,11969.407638297289,16829.220499132305
terrestrial_daily,PUUM,395,10,le,16.922956582192615,7,37,9900.415452271003,15657.116299873725,40890.7527028393,14039.58243954241,14946.356238920678,12934.513924874494,11468.223715741213,16966.41620864843
terrestrial_daily,RMNP,734,10,le,6.27791638504543,7,6,54427.09770295953,304766.10758992727,101136.58925135745,27859.01888768714,20297.25729388436,25460.368085833914,17858.898193326728,19419.632179379463
terrestrial_daily,SCBI,622,10,le,8.955018221969395,5,6,127417.46809501371,762428.0529441888,407092.6644409557,79902.51295817421,26622.45908944804,40266.960316680845,114209.10253192132,37012.708615856995
terrestrial_daily,SERC,730,10,le,9.836695423809774,3,11,174538.02540591202,529398.3590001144,445818.2487407377,42813.84595668943,26565.468753685618,66909.13323589024,27747.625403482063,41324.555320290005
terrestrial_daily,SJER,694,10,le,5.5039021025289605,7,7,14985.439553398388,36382.96326803286,113133.27482999636,61887.338090996636,7630.977298392404,72063.58232073806,19023.92360442673,9662.060493982157
terrestrial_daily,SOAP,476,10,le,5.831851554577648,6,3,17283.93173117646,19720.906810099525,91907.77432230106,32525.51431964454,4700.64316137187,16891.03369789071,15418.608580007362,13085.576585115372
terrestrial_daily,SRER,676,10,le,4.137024714166382,3,3,74588.51800780675,36065.018759213955,35312.45429086967,13446.149473828045,36127.74128626006,39348.36445945329,10769.555121296245,11389.637817129762
terrestrial_daily,STEI,785,10,le,7.357859514174403,3,8,201574.29405699487,439175.5930719661,470275.7049470088,25715.08216261707,23205.12334805301,102213.54268216206,32810.30654170065,23091.797045067375
terrestrial_daily,STER,513,10,le,10.849127695994985,5,21,49779.8374058071,33056.68343394485,124790.64966168378,20363.55268284552,9060.759888153541,16032.203126335831,5835.000323516364,9349.803187220185
terrestrial_daily,TALL,513,10,le,10.7074032014152,5,11,33670.23292669135,157284.11874442614,375511.46983159875,28632.543248117712,21250.48496520375,48799.72087175895,70219.33054169212,22389.695445487305
terrestrial_daily,TEAK,568,10,le,8.550858910152307,6,3,70787.41275118462,126138.57966197951,370294.11222982453,32451.80234045669,21547.855366924745,69015.70795197586,26491.900109049573,40637.8686047732
terrestrial_daily,TOOL,475,10,le,2.4969327333857496,6,5,14597.98299703674,74311.83047124573,12682.4021329945,2571.7093135488717,2014.5388792646884,5049.749559867852,6963.403760116726,1902.2072201468877
terrestrial_daily,TREE,726,10,le,5.699321777808729,3,2,172570.39200480204,381564.1793255783,312509.8652627273,31680.596727914635,22457.97081426254,85499.0161899159,26871.548316394845,23470.75962889982
terrestrial_daily,UKFS,740,10,le,7.850014902331459,3,3,263681.7988901015,593666.5213959871,482015.8165136699,46291.686468827575,38329.37631165063,44334.8077377465,62668.866365160444,72443.07123648969
terrestrial_daily,UNDE,707,10,le,6.760277413314864,3,8,127533.25304407107,354882.6651011845,213766.39460428164,19658.937489551907,15314.606912544614,61721.40607424697,23730.720210420914,17024.322312027343
terrestrial_daily,WOOD,696,10,le,6.030239238428451,4,3,102710.77957550478,291383.75663384434,207756.24826336946,26347.674924613202,22314.199607257728,80414.18582621549,17679.155333218547,19623.804376412794
terrestrial_daily,WREF,517,10,le,8.960519253063888,6,12,18919.550489883477,60380.25529997866,208140.55179933572,38550.71622660762,17195.76883339018,19093.73168111196,13702.306609829267,10700.455347560955
terrestrial_daily,YELL,574,10,le,4.813437635543327,5,3,29696.18901863103,149298.33744003592,254978.880104978,17159.172401851465,10100.836082197418,34238.50306614685,11063.147189604702,9690.239514789682
ticks,BLAN,15,5,amblyomma_americanum,9.04860556267873,4,38,0,0,0,0,0,0,0,0
ticks,KONZ,14,5,amblyomma_americanum,47.217260023589766,8,3,7835.092768699473,15860.023767387967,38701.269319059196,32143.403323694172,52816.243647523755,64150.40375717533,779.5691490700024,50197.724719283506
ticks,ORNL,18,5,amblyomma_americanum,15.248353813038797,2,10,1105.9466233898615,1531.9101703373428,719.1004532573276,468.5524378146846,1637.430141087784,529.3497643224433,1584.6450418065497,776.3414791106201
ticks,OSBS,20,5,amblyomma_americanum,15.05425548059065,3,21,0,0,0,0,0,0,0,0
ticks,SCBI,19,5,amblyomma_americanum,9.501287112475277,6,13,125.60092533553312,176.63084158353817,95.8082725996199,289.06067764843857,83.68196337431786,118.42543627569866,1283.0537592842231,229.6885741557366
ticks,SERC,19,5,amblyomma_americanum,38.51022424306249,7,14,344.83184478260927,369.45103317431295,28262.52109141539,277.4468542425104,3341.01869200603,6185.394056531172,16130.58183485,13808.973489651735
ticks,TALL,19,5,amblyomma_americanum,84.58877594861431,8,33,0,0,0,0,0,0,0,0
ticks,UKFS,20,5,amblyomma_americanum,186.1882414719882,2,13,291941.59098100854,152487.50108490136,146498.7278425529,92680.12299289169,52873.37279633812,109934.46817558343,55399.39553902566,46185.339058074875
