datetime,.pred,nee
2020-10-02,-1.4951499818908633,-1.0733202155160202
2020-10-04,-3.59674764735979,-3.604101085132126
2020-10-05,-2.2822508922058935,-1.451612903550702
2020-10-06,-2.7972525381075393,-2.2797829804161673
2020-10-07,-3.4097839063948427,-3.1949986984406222
2020-10-08,-0.8659115956633034,-0.6541344998854403
2020-10-09,-2.3193632837643468,-1.701331782934595
2020-10-10,0.7157763736183304,1.6538673599079112
2020-10-11,3.2855234936219446,3.9452239574437984
2020-10-16,-1.9826954857785544,-2.8678225214467106
2020-10-18,0.6811290567056204,1.1063647216103922
2020-10-19,2.649733859145939,5.7630795157761225
2020-10-20,-0.8437527275423803,0.05026800348116463
2020-10-21,-2.1815953373978303,-2.3032969644912584
2020-10-22,-1.8986605749754988,-1.1957218936178813
2020-10-23,-0.050194663571757184,-0.03180303048785848
2020-10-25,0.18032733722906527,0.27878716886390853
2020-10-26,-0.0228816690952813,1.3200280044753483
2020-10-27,-1.6924455310936624,-1.2001841469827272
2020-10-28,-1.5275663128974994,-0.602815064010102
2020-10-29,-2.19248983764106,-1.8852935717927115
2020-10-31,-1.9042523197202101,-1.713149183683316
2020-11-01,-1.2843866679967006,-1.515867224624249
2020-11-02,-1.4118411208800388,-1.1285932040997813
2020-11-04,3.1616501962441244,3.6693844032863505
2020-11-05,3.3620031055647157,3.981134690046477
2020-11-10,1.5589452103770438,2.3322317694931325
2020-11-11,-0.17735735371503625,0.590552745786214
2020-11-12,-1.4417086439297189,-1.2640613039781916
2020-11-14,1.7250911272318716,2.4957999103822117
2020-11-15,0.9636872487253165,0.8668052699221099
2020-11-17,1.927126566454691,1.9395733729848357
2020-11-18,2.437194450034574,3.3258232335260645
2020-11-19,1.0462872185410428,0.9484716052088686
2020-11-20,-1.6763819710243253,-1.4605772326024455
2020-11-21,-1.8649591374880066,-1.6323301369449132
2020-11-22,-0.6715756316782066,-0.534096396746028
2020-11-24,-0.10103726245298254,0.15109026470441636
2020-11-25,1.1759500630814095,1.586539488527906
2020-11-30,-0.19397862651594558,-0.40447562491782674
2020-12-01,-1.6584012249449631,-1.5905493281734011
2020-12-02,-0.3317662721200797,-0.06809856508019722
2020-12-05,-0.40474904362308134,-0.14562877828065623
2020-12-08,-1.4542221948548932,-2.189402616640278
2020-12-10,-0.128219696884841,0.4821471438151316
2020-12-18,-0.7419444079656631,-1.3059695267262927
2020-12-23,-1.4808231191728083,-1.4086392928654794
2020-12-25,1.211666202631849,1.1905323831993788
2020-12-27,-0.9687026589113651,-1.4933664751853628
2020-12-28,-0.9730262694041352,-0.9019329183010252
2021-01-04,1.5780911331698926,1.7276507079318513
2021-01-06,0.7671287151727476,0.15792417870454792
2021-01-08,1.0848309622087253,1.9078174262823744
2021-01-10,0.9173149049277045,1.5094150386585443
2021-01-11,0.6796258487440573,0.5013285405673531
2021-01-18,-1.5668420669402467,-1.3568921209496485
2021-01-19,-1.1939972931443272,-1.0107952597205605
2021-01-20,-1.3519089997759808,-1.2740727812555288
2021-01-21,0.46878824100020966,0.8272097781497929
2021-01-22,-0.8811290625638912,0.0235661492782882
2021-01-23,-1.4499004120674606,-1.283499675870631
2021-01-26,-0.4388622215370731,-0.6818101856151253
2021-01-30,0.553574775433024,-0.2138141564399304
2021-01-31,1.0011225163873536,0.8871982368097232
2021-02-02,0.6079065909503578,0.06015287000945818
2021-02-03,0.6127838422082466,-0.01744965332286916
2021-02-08,-0.5538598102551492,-0.8252223505701644
2021-02-09,-1.6113468823662702,-1.1101392549055988
2021-02-10,-2.2184169476773103,-2.3454607066819477
2021-02-11,-0.09896656682601543,-0.5476535723125456
2021-02-12,1.236807212352127,1.2906461004604202
2021-02-13,1.120375187385998,0.9816541427047216
2021-02-18,0.425782006572697,0.16005255358001155
2021-02-23,-0.2513542371294583,-0.5481267674585175
2021-02-26,-0.21818671295391343,-0.35410989107531776
2021-02-28,-1.3265886831868143,-1.6546605291345378
2021-03-01,-2.730704691545683,-3.050249557499882
2021-03-02,-2.97260394310096,-3.694296550180815
2021-03-03,-2.404542967450854,-2.095329160991416
2021-03-04,-2.564286184722759,-3.008619929461006
2021-03-05,0.1398167404662881,-0.24934720239587344
2021-03-06,-1.5708612330423082,-1.1992615998278018
2021-03-07,-0.32311843803850016,-0.1812092441566287
2021-03-08,-1.6873608891643077,-1.6304303378785374
2021-03-09,-1.5755200355277528,-1.465775477779563
2021-03-10,-1.9148444064121268,-0.928390574515202
2021-03-11,-2.7448943614213026,-2.3943323550700404
2021-03-12,-2.420810873207088,-2.002830064347586
2021-03-13,-2.5389681459025457,-2.699778902046404
2021-03-14,0.07686783475853223,-0.1966438363583539
2021-03-15,-1.594490792433131,-1.106516291942711
2021-03-16,-2.5920357484472616,-2.1516228268416953
2021-03-17,-2.8189892844161126,-2.750532799624399
2021-03-18,-0.06188105904364291,0.16984832654677878
2021-03-19,0.33790226944961754,0.47171175418003786
2021-03-21,-0.29475279716998604,-0.39503323594123263
2021-03-22,-0.7793913056269354,-1.3272550427526075
2021-03-23,-2.90282941139044,-2.7840307476739707
2021-03-24,-0.2550433570996216,-0.792586829748853
2021-03-26,-1.3748109894572405,-1.3810067214498083
2021-03-27,-3.291752908526662,-3.3020236859080274
2021-03-28,-1.010145814128936,-1.3802025928750827
2021-03-29,-0.7319275308401639,-0.6646058877463997
2021-03-30,-3.0936563358084204,-3.447297160727752
2021-03-31,-2.930643929575869,-2.6045324769185085
2021-04-01,-3.32617431666287,-3.2575784140252324
2021-04-02,-3.8251161894525465,-3.832165391662465
2021-04-03,-4.460984126703272,-5.133870341323937
2021-04-04,-3.335707703248255,-3.8797034878478303
2021-04-05,-3.0627360174897014,-2.5239724152691543
2021-04-06,-3.8909645602169016,-4.048021961926875
2021-04-07,-1.5151736435455136,-1.3923330250199335
2021-04-08,-1.7521133894798904,-1.6386093424218762
2021-04-09,-3.6364386907566355,-3.8005305060767824
2021-04-10,-1.9289049561968903,-1.804972392245462
2021-04-11,-3.0479883511882275,-2.610988215395968
2021-04-12,-1.8857106083733295,-2.099950428200883
2021-04-13,-1.2284580485568628,-1.2195174361012548
2021-04-16,-1.4980829668734852,-1.2862984276650349
2021-04-17,-0.3949040246865631,0.45360049642556527
2021-04-18,-2.3395287575405876,-1.955329820029055
2021-04-19,-2.939406953389929,-3.3717230113354857
2021-04-20,-1.587561435326946,-2.0673864392531165
2021-04-21,-2.580762295224778,-1.8823968219895268
2021-04-23,-3.6561488179151724,-3.2500401395827994
2021-04-24,-0.14686917611419228,-0.8609422159229881
2021-04-25,-1.302105992951436,-0.7903716514971295
2021-04-26,-2.5902301782449433,-2.327690653114269
2021-04-27,-4.477099583212493,-4.705415827553728
2021-04-28,-3.059165539788905,-2.5563217747682105
2021-04-29,-2.9989458284797452,-2.986491841376147
2021-04-30,-2.508352976680034,-2.8111334704199304
2021-05-02,-3.9843108990653313,-3.4800300150333205
2021-05-03,-3.5069928339043073,-4.065763263178447
2021-05-05,-2.1114329788749058,-2.609734423367486
2021-05-06,-1.7789145822983432,-1.4458687701670967
2021-05-07,-1.8529760433894207,-1.3391758219731933
2021-05-08,-3.4109492115026407,-4.221242561069089
2021-05-09,-4.128188425025857,-5.1531124164325135
2021-05-10,-4.1638128673932515,-3.7878770810915423
2021-05-11,-4.141431090269105,-3.907427496143936
2021-05-12,-2.8638739253932086,-3.0656534339705344
2021-05-13,-3.3327554630822003,-2.849019838153477
2021-05-14,-3.191351069211825,-2.5012430245175965
2021-05-15,-3.316302879110933,-2.326022973456756
2021-05-16,-2.6300676822882716,-2.2416261651315135
2021-05-17,-3.299712331040117,-3.684822880521543
2021-05-18,-2.254612581155917,-2.070611656814037
2021-05-19,-3.768239741870489,-3.380756668707987
2021-05-20,-1.98101879277668,-1.917015693967849
2021-05-21,-2.4091122845018336,-1.5190908689816651
2021-05-22,-4.603661945368687,-5.090783431387896
2021-05-23,-2.3042398380710947,-2.2573023590556387
2021-05-26,-3.8174388964273573,-3.113650376946878
2021-05-27,-1.3445859683143992,-1.2840734560238345
2021-05-28,-2.3282045840640286,-1.9429513271705632
2021-05-29,-2.1781638922138873,-1.9430841314774168
2021-05-30,-3.4103575896349354,-4.056216214706864
2021-05-31,-2.2701093709554185,-1.491423369775699
2021-06-02,-1.8435488677148537,-0.5136544867047641
2021-06-03,-2.965660887439186,-1.2834295654630603
2021-06-04,-4.0306795813836604,-2.946135264469254
2021-06-05,-1.7928595837677337,-1.1951781188494628
2021-06-06,-2.8836058328985623,-3.8288661168356377
2021-06-07,-2.797569207049018,-3.050527903752567
2021-06-08,-4.887457573141875,-5.276476520670738
2021-06-09,-4.058551398694094,-3.599626721832877
2021-06-10,-4.640403948657395,-4.677447490010408
2021-06-11,-0.12069210885781034,0.15778187326737103
2021-06-12,-4.764396961139191,-6.890938347512193
2021-06-13,0.8429756666266729,0.9200766795129586
2021-06-15,-4.148076802715954,-4.808033166761314
2021-06-16,-4.43791920765024,-4.604325472728221
2021-06-17,-3.0352392745860177,-2.4957989562804386
2021-06-18,-3.8260123229808514,-3.994310005398761
2021-06-19,-5.257113284851721,-4.967816216454376
2021-06-20,-2.5360300474039357,-1.8237574171895865
2021-06-21,0.7008951473189982,1.7568810979248697
2021-06-22,-2.944156054476508,-2.5503878758731395
2021-06-23,-4.6605382105316595,-5.00889926152227
2021-06-24,-4.8184515123940255,-5.192607157330725
2021-06-25,-3.0477147594397067,-3.036678288583387
2021-06-26,0.6473624569628227,1.0147946852763408
2021-06-27,1.3081860052266103,1.649193619204399
2021-06-29,1.0451394507889764,3.525377887547443
2021-06-30,-3.137598018192386,-2.928034595579448
2021-07-01,-1.7774922823136783,-0.265339039854737
2021-07-02,-2.999720930504201,-3.3307089774616445
2021-07-03,-4.595259704328061,-5.346649042954367
2021-07-04,-4.269817228167117,-3.7278165114891864
2021-07-05,-4.580653508475241,-3.954483059331414
2021-07-06,-3.6772221864537475,-4.0670921605931
2021-07-07,-2.256341237902813,0.16050072251463426
2021-07-08,-5.965832724298239,-6.618003723222585
2021-07-09,-5.133137182385177,-5.44869992902136
2021-07-10,-4.7711463233187406,-4.804074281262806
2021-07-11,-5.912220649837332,-6.248993800629364
2021-07-12,-6.733101554022752,-8.289523529225
2021-07-13,-6.065103108167984,-6.657757727885686
2021-07-14,-6.450246966969505,-8.361529078394598
2021-07-15,-4.851132076594106,-4.30616812337896
2021-07-16,-6.337098027786449,-9.163592678771929
2021-07-17,-5.365022812326497,-5.301444133196577
2021-07-19,-4.491072229146032,-4.94124179216575
2021-07-20,-4.29048535525351,-5.176674059675457
2021-07-22,-4.463034059838925,-4.110690398030931
2021-07-23,-4.159773455645853,-4.711357278365641
2021-07-24,-3.5941112692762975,-3.95756391787881
2021-07-25,-4.905673154064954,-4.454997557229636
2021-07-26,-5.042508372032492,-4.762023187618616
2021-07-27,-4.817754316040951,-5.231314615664371
2021-07-28,-2.6633280211124966,-2.7482761200169636
2021-07-29,-1.5786220421720607,-0.8766883532894718
2021-07-30,-1.2408065322863735,-0.8940750346339736
2021-07-31,-1.7248303342091185,-1.0881208617987042
2021-08-01,-4.006652007413367,-4.917498829084852
2021-08-02,-3.206792312912371,-3.355940331803737
2021-08-03,-4.366009482351891,-5.668562179870244
2021-08-04,-3.1763942784016486,-3.3003216292570587
2021-08-07,-3.9130493313674486,-3.9749313542393696
2021-08-08,-3.196198496578468,-3.0225018090040425
2021-08-10,-2.412059428780955,-1.8459567864593325
2021-08-11,-0.23465136582071858,0.8482858393563264
2021-08-12,0.29508623182551286,0.5276348057957148
2021-08-15,-2.7873174764837794,-3.032889407962922
2021-08-16,-3.301072314123898,-3.5462724413405233
2021-08-17,-1.344907509362524,-0.2775236302740387
2021-08-21,-2.5250459192283445,-2.9790796870749725
2021-08-22,-3.4251425117132914,-3.364901407927139
2021-08-23,-5.220392313169141,-6.421986557696624
2021-08-24,-2.7096195356472634,-3.1850461133613335
2021-08-25,-4.209035948801876,-5.709873460404318
2021-08-26,-3.987043353350385,-5.733911479840447
2021-08-27,-3.5342004769671505,-3.2908392898951964
2021-08-28,-2.7182928411685743,-1.6873170101128
2021-08-29,-2.6143615844592087,-2.9462018646584354
2021-08-30,-3.0151082790719963,-2.6529566535043325
2021-08-31,-4.048629671196629,-4.07446710126647
2021-09-01,-3.7869395340477543,-3.951351059706804
2021-09-02,-2.813605688561655,-2.877452731642167
2021-09-04,-2.6014848664769223,-2.5749262259304513
2021-09-05,-2.607160650867695,-2.2552362879926093
2021-09-06,-2.5460676098209296,-1.6344723737811224
2021-09-07,-2.174264920551432,-2.3182272104251664
2021-09-08,-1.5902402853042892,-0.5716669999440227
2021-09-09,-3.2948380341656813,-3.7499397169468
2021-09-10,-0.8816052743927429,0.5076273362052045
2021-09-11,-3.247476514399774,-3.0457842366433896
2021-09-12,-3.6602116551952815,-3.687163765850586
2021-09-13,-3.1947132116196997,-3.0451661784726576
2021-09-14,-2.669729839933571,-1.9220847383482371
2021-09-15,-2.3915013338319207,-1.5103030507062192
2021-09-16,-3.1155210481060305,-3.101513248351386
2021-09-17,-1.5443354135650007,-2.0982482629704036
2021-09-21,-1.5965202971751793,-1.8947618484696185
2021-09-22,-2.454944743220509,-2.1800567139652425
2021-09-23,-2.7067237173438268,-2.2728274330507743
2021-09-24,-0.6711626392841593,-0.3733360167224594
2021-09-25,-1.2374646286532553,-0.8342670889840207
2021-09-26,-1.8404642816439396,-1.1998401235223994
2021-09-28,1.8993401579710603,3.7289369477724983
2021-09-29,-3.114798568216604,-4.647766127299522
2021-10-01,-3.0542535465720317,-3.1248377831807033
2021-10-02,-3.513855322391299,-3.888515114396485
2021-10-03,-3.4152654751002607,-3.3239584169090963
2021-10-04,-3.0360617924013558,-2.805840438401997
2021-10-05,1.6223461909127521,2.5137593105509466
2021-10-06,-1.109035105102668,-0.8495735819430207
2021-10-08,-3.4660665570857185,-3.59080327633361
2021-10-11,-1.6228289320938607,-0.499633882634393
2021-10-12,-2.2186925591648476,-2.1271421806537214
2021-10-16,-2.4024085503016446,-2.3320964981648253
2021-10-17,-2.4833081719351284,-2.9864968772787335
2021-10-18,-1.415758287353322,-0.8008459083420835
2021-10-19,-2.5840378916703024,-3.152612247625534
2021-10-21,-0.608650599364545,-0.3982831868709577
2021-10-22,2.385016108714362,2.940078406210408
2021-10-23,2.08303853670309,2.779192469388111
2021-10-25,2.603868321888149,3.41036949180476
2021-10-30,-0.12969780169729478,0.10940368255949548
2021-10-31,-0.30161061995901517,0.06414235329547541
2021-11-01,1.8763035815377092,2.9696286708645143
2021-11-04,4.469939173124117,6.274315365873834
2021-11-05,-0.54037168714095285,0.00791390202545027
2021-11-06,1.178637427655931,1.7183869170120594
2021-11-07,1.0611804951264159,0.9283233050029752
2021-11-09,0.10556409086784249,0.374508516851798
2021-11-10,-0.6660630330085818,-1.0305694130021457
2021-11-14,3.408188987561526,3.9335382822864418
2021-11-15,3.468166854212526,3.43427055956315
2021-11-16,-0.225155654736344,-0.40046274334952486
2021-11-17,-1.3127179637395288,-1.7773242407403271
2021-11-18,1.373999414160201,1.7905821081501927
2021-11-20,-1.6878122979503127,-1.6712451949446598
2021-11-21,-2.08790338108269,-2.446412200533797
2021-11-22,-2.139681540924343,-2.60222598859204
2021-11-23,0.14538844960078295,-0.2318086094150529
2021-11-24,-1.2652575689439902,-1.4231996414020731
2021-11-25,-1.7852197100245848,-2.0037961266589717
2021-11-28,0.7101857284285799,-0.14329240014830005
2021-12-01,-1.374951627825551,-0.8334009594080525
2021-12-02,-0.2179167466421207,-0.08328743242633249
2021-12-03,-1.8910647985350038,-2.103099463996865
2021-12-15,1.3746696716086735,2.0590369457552113
2021-12-17,-1.0434311066253512,-0.8918314193816572
2021-12-22,1.5731096414044838,1.6927776345187755
2021-12-23,1.0933071444457292,0.8873398021603524
2021-12-27,0.6543056404317239,1.2521588797646717
2021-12-28,0.7054773192086605,0.9263587087232352
2022-01-02,0.4262647928000821,0.3518246073651327
2022-01-09,-1.4257088423521576,-1.7498932913149274
2022-01-10,-0.37512558555503894,-0.5368858968703604
2022-01-11,1.2073033338558208,1.62849573640132
2022-01-12,0.05258593415765969,0.00142243268556945
2022-01-15,-2.58718133423759,-3.090689692784635
2022-01-16,-2.807301037484659,-3.53122013161702
2022-01-17,-1.7641571065753707,-1.192371706381192
2022-01-23,-1.6856843661100245,-1.975406640953424
2022-01-24,-2.1714843632426946,-2.119557353604579
2022-01-25,-1.3259505784440624,-1.5381849019752385
2022-01-27,-0.5618684857513581,-0.4500145706381576
2022-01-29,-1.2202238947301574,-1.084991393653551
2022-01-30,-1.0397917330859705,-0.8175719649016119
2022-01-31,1.1328444839734164,1.5037999587483415
2022-02-01,0.5861766215761838,0.8607402306760961
2022-02-06,-1.8035165349315754,-1.7757175458652812
2022-02-07,-1.6020117427292446,-1.065965995108939
2022-02-08,-1.970198526412389,-1.909976401022199
2022-02-09,-2.117791834561155,-2.0538669768599624
2022-02-10,-1.8185712678460062,-1.7000583615388174
2022-02-11,-1.2053788112189596,-0.36542582392070955
2022-02-12,0.24113084805386245,1.2568759321355971
2022-02-13,-1.5500699837827652,-1.653409041779963
2022-02-14,0.06403094134616255,0.04436839622107699
2022-02-15,0.13268317820347184,0.27154658765034567
2022-02-17,-1.199516042595137,-1.4977730273506158
2022-02-18,-2.5869562676228255,-3.0322132483949313
2022-02-19,-1.0973767736768962,-1.3191124934784328
2022-02-21,-0.43904119042984163,-0.7685413697399087
2022-02-22,-0.40351142944432694,-0.16799981669520567
2022-02-23,0.35436483223217957,0.9692597294292152
2022-02-24,-1.048771067737582,-0.2804989704751336
2022-02-25,-0.5055721237380221,-0.07337622243402633
2022-02-26,-0.12086355923873277,0.48350076812915194
2022-02-28,3.2324416257844675,2.6933875535081566
2022-03-04,-2.3805246720200595,-2.4229904172230103
2022-03-05,-3.4023691110723346,-4.134684483319398
2022-03-06,-2.9824495529985224,-3.2090696770370952
2022-03-07,-3.1385670084246353,-3.2418500528522523
2022-03-10,-1.3218502815805173,-1.4124822233653525
2022-03-11,-2.6319646194770083,-2.6838130584203177
2022-03-12,-1.8782421245135645,-1.5655383885716794
2022-03-13,1.7510391517562602,1.8199265176655228
2022-03-14,0.2723585948913337,-0.5791896245967061
2022-03-15,-1.0025301273000704,-1.2257479558595854
2022-03-16,-2.5567198385747547,-2.183211826560286
2022-03-17,-2.4211889494726537,-2.3737713056684573
2022-03-18,-2.284369871468788,-2.4570094929739272
2022-03-19,-2.114097627125636,-2.3334104279382935
2022-03-24,-2.795051316576375,-2.6773441757177725
2022-03-25,-4.1769112980862015,-5.210026669251637
2022-03-26,-3.5996009111975082,-4.240156199435173
2022-03-27,-3.868552946437084,-4.752465403103172
2022-03-28,-3.0868031730872807,-2.6052427370615856
2022-03-30,-2.035766006184785,-1.1616053576161516
2022-03-31,-2.8348963164371934,-3.1484714920560517
2022-04-01,-4.471803934668548,-5.471882998671291
2022-04-02,-2.790126985252012,-2.691469953386677
2022-04-03,-2.5558481703809868,-3.0723909874475193
2022-04-05,-1.9650321221387723,-1.9321459585862553
2022-04-08,-2.6421299975485337,-2.9455771861291686
2022-04-09,-1.4836663273388073,-1.4087961988718802
2022-04-14,-2.179029566507972,-2.394074210484781
2022-04-15,-3.6770666276201696,-3.6531767110564743
2022-04-16,-2.7316198110454,-2.77265758497159
2022-04-17,-4.122147093390543,-4.915577259834281
2022-04-18,-0.5499383754915111,-0.8865343062169367
2022-04-19,-0.2676659300739325,0.15005630753287968
2022-04-20,-1.4148030479082268,-1.9866194771756427
2022-04-21,-2.8893240958705495,-3.791765529195256
2022-04-22,-4.829667228622742,-5.710190965392129
2022-04-23,-5.005399001922749,-5.758934586052001
2022-04-24,-3.6986368921221757,-3.99186325606468
2022-04-25,-1.1904440873548412,-0.0868875654920319
2022-04-26,-2.1795828478142814,-2.4985193596048827
2022-04-27,-3.6328112618266766,-4.522467198331448
2022-04-28,-3.043519506617786,-3.377705468323647
2022-04-29,-3.7863516233236227,-4.097538681748944
2022-04-30,-2.5927174548238634,-3.395517752929563
2022-05-01,-4.942329464892702,-5.534068801597732
2022-05-02,-1.976887447770776,-2.9910457304475555
2022-05-03,-2.160950742295051,-2.159809921766964
2022-05-04,-4.712564056143072,-5.369984883851341
2022-05-05,1.5473982202216692,1.8553395464729117
2022-05-06,0.9138729599125043,-0.01657470752051368
2022-05-07,-0.6773348248945592,-0.46047632698267454
2022-05-08,-2.800500150099775,-3.1823423916789384
2022-05-09,-2.5764255704445964,-2.569942073622847
2022-05-13,-3.876310994007278,-4.076867440667934
2022-05-15,-1.1054459790846953,-1.8388315571497815
2022-05-16,-1.590407112673459,-0.8594137762959534
2022-05-17,-5.63495324558318,-6.900269650540362
2022-05-18,-1.4219923633850282,-1.6478658816822882
2022-05-19,-1.9447800440194831,-1.7706583712467605
2022-05-20,-2.7501778631793083,-2.670475969804086
2022-05-21,-3.5723293250350894,-2.9857980285189933
2022-05-22,-3.359997453010028,-3.3429043667730194
2022-05-23,-3.4640031329149377,-3.176018646801595
2022-05-24,-2.8014224767182974,-1.9274235593787292
2022-05-26,-2.4880096395337565,-1.3395182334710147
2022-05-27,-1.6049697336502615,-1.4889619144907815
2022-05-28,-0.3598438342625171,-1.7361519746132943
2022-05-29,-0.5815504649182969,-0.473379288556472
2022-05-30,-3.5900139646198954,-3.30269193101285
2022-05-31,-4.04212624797306,-3.906215499516638
2022-06-01,-3.3215358050152313,-3.5367759215252987
2022-06-02,-3.342586053422472,-3.769361055800705
2022-06-03,-1.365219500502232,-0.8534157215889937
2022-06-04,-0.21151500575438117,-1.9408802634314577
2022-06-05,-1.2213310294091442,-1.8646254936262263
2022-06-06,-4.329089100521983,-4.345639652572462
2022-06-07,-3.68313070594414,-3.6380623138406736
2022-06-08,-3.361661763687683,-3.1920466152123894
2022-06-09,-0.19395932940711427,-0.6265217604265719
2022-06-10,1.0722209725604337,0.3188943830009895
2022-06-12,-1.3522585718497966,-1.2048625764579706
2022-06-13,-1.1584215032288427,-1.2924972806819806
2022-06-14,-2.4272466711591405,-2.9422397303207752
2022-06-15,-6.146726883838326,-8.081275307025237
2022-06-16,-4.858202531468219,-5.157223257002327
2022-06-17,-1.9665950665935368,-1.5717845225381997
2022-06-18,-1.1457567498245242,-0.8193459579295201
2022-06-19,-4.589868307740033,-6.755547149304429
2022-06-20,-2.4759546296696784,-1.9113346712691468
2022-06-21,-4.801796720204749,-4.881464501488223
2022-06-22,-4.8599233456335655,-4.61218891670485
2022-06-23,-3.9216781907666367,-3.4917847515622875
2022-06-24,-2.6319542978348247,-2.8193620680788425
2022-06-25,1.1336984297890722,2.004455695947045
2022-06-27,-0.627038899056617,-1.576298024231399
2022-06-28,-3.227526944707896,-2.6031923433164317
2022-06-29,-4.7813468883431325,-4.816377771251324
2022-06-30,-5.242832571314321,-5.630444582644166
2022-07-01,-3.4613093181935293,-3.612261162456476
2022-07-02,-2.761709687259137,-1.232254795508769
2022-07-03,-3.3525801248661287,-3.650313085019394
2022-07-04,-6.165316520296027,-7.408244849103368
2022-07-05,-4.796468494695672,-5.5931650704020015
2022-07-06,-3.3148410081088016,-3.287393256995076
2022-07-07,-5.033215771427733,-5.904923201371932
2022-07-08,-4.458697180481094,-3.826808090595958
2022-07-09,-6.125636564226164,-7.452204581089349
2022-07-10,-4.7815475968891645,-4.381701829091996
2022-07-11,-2.260499741249504,-1.9175498266004485
2022-07-12,-2.381622681152611,-3.1232989151220334
2022-07-13,-3.682692541842624,-3.1741681643377397
2022-07-14,-5.182107783515073,-6.308686211385928
2022-07-15,-5.211321218627558,-5.839087422011518
2022-07-16,-5.848746554139326,-8.356714359674294
2022-07-17,-6.895880648569639,-8.921278367722127
2022-07-18,-4.951871937372145,-5.158546530443943
2022-07-19,-5.181505063377141,-6.310828402714757
2022-07-20,-3.2963627091435357,-3.4049968204907977
2022-07-21,-4.829645672940136,-5.371463432474584
2022-07-22,-4.252092568015687,-4.677230845799542
2022-07-24,-4.4785742888048885,-4.060363684473896
2022-07-25,-1.2333725494299193,-0.5093564478382296
2022-07-26,-0.3452511163473053,-0.05015879852863249
2022-07-27,-1.8955672754146706,-1.7467324977420953
2022-07-28,-2.3193479320068597,-2.6337404773575535
2022-07-29,-1.5713907414644215,-1.8058327878644045
2022-07-30,-0.15732815869888644,0.3836735264473551
2022-07-31,-1.9770740028726288,-3.3772933607386295
2022-08-01,-4.4452744220574685,-6.404528011835385
2022-08-02,-4.1087483403882805,-4.01155813444381
2022-08-03,-3.643688441936055,-3.9894613421260514
2022-08-04,-5.314647126661172,-6.5141993592063425
2022-08-05,-5.010849530651679,-4.970572120331102
2022-08-06,-2.379384593018998,-2.1826501847921507
2022-08-07,-0.20978073221361287,0.6740741897448287
2022-08-08,-2.8628159169960115,-4.2762249468321745
2022-08-09,-3.3146040374518404,-3.468270757890214
2022-08-10,-3.356393429972761,-3.6551280816091345
2022-08-11,-4.5883761837272266,-4.707633457575326
2022-08-13,-4.538579667452439,-4.809807214887488
2022-08-14,-4.601515747578491,-4.817866859823906
2022-08-15,-3.510003207509312,-3.650524915636957
2022-08-16,-2.1923557127083155,-1.1032594705615957
2022-08-17,-1.0638631827764753,-0.7175483014278591
2022-08-18,0.27000499742469947,0.24152252754363035
2022-08-21,-2.792757858615493,-2.204148707184864
2022-08-22,-2.6688855602172805,-2.5288085303990173
2022-08-25,-2.0709049629190357,-1.8940672180658449
2022-08-26,-2.56735343127968,-2.0993790134893673
2022-08-27,-1.8178185738706796,-1.2206666238680213
2022-08-28,-3.698878313382345,-3.1527015421518647
2022-08-29,-1.5145137523255143,-0.5654457724408555
2022-08-30,0.24538620938942465,0.94943008406547
2022-08-31,-2.082437059760535,-2.3504124756296094
2022-09-01,-2.272656137314443,-1.8946898638783096
2022-09-02,-2.4105161846751297,-2.9218805340623537
2022-09-04,-3.5105931258610066,-3.278728879821675
2022-09-05,-2.522707195954961,-1.3961870597085746
2022-09-06,-1.5128521181690409,-0.7217188775367804
2022-09-07,-2.190563222571965,-1.6612229480237355
2022-09-08,-3.533783725171932,-4.003068373399568
2022-09-09,-1.1889897365166389,-2.1876761851148148
2022-09-13,-4.767543889935284,-5.996689327208879
2022-09-14,-4.321791103533944,-5.322855489036652
2022-09-16,-3.5443890821979385,-4.198966934460241
2022-09-17,-5.050297905458771,-6.925673698670618
2022-09-18,-0.6724683356989382,0.691655486133128
2022-09-19,-3.002308948164421,-3.0076915503647825
2022-09-20,-0.8978470232208883,-0.8312007836653611
2022-09-21,-1.9942922715522808,-2.333608807032203
2022-09-22,-1.8497157306600536,-1.1104973807555834
2022-09-23,-3.222237538373353,-2.7402102298975928
2022-09-24,-3.2554628583585177,-3.3278012247351523
2022-09-25,-1.4363785375884124,-1.0052251799638123
2022-09-26,-0.2807423021759745,-0.4437742377781439
2022-09-27,-1.9353998941684023,-2.003390120622835
2022-09-28,-1.7821892689388807,-1.2511712304459135
2022-09-30,-3.239139233711347,-3.6102581233251594
2022-10-01,-0.21385637766583893,0.9934914300024082
2022-10-02,0.5335809447248079,1.364892051166608
2022-10-03,-1.9126610559625552,-2.0372533209840107
2022-10-04,-4.514903409880816,-5.68288565347432
2022-10-05,-3.811030455271696,-4.334308478216645
2022-10-06,-2.894904765828754,-3.246941927966423
2022-10-07,-1.4999096407226982,-2.261557147982475
2022-10-08,-2.1544965318336633,-2.7628968595867267
2022-10-09,-1.9457645343442225,-2.3162396410085955
2022-10-10,-4.2184034711045335,-5.293354080529383
2022-10-12,-1.6691874296558558,-0.6700093481895094
2022-10-13,-0.29009622825493386,0.6072784072195752
2022-10-14,-1.753181841145698,-1.7592011668881262
2022-10-25,0.7127443908689106,1.1777087587278363
2022-10-27,-1.983109408130734,-1.305216055406489
2022-10-31,2.9098009992157534,3.1955968480257213
2022-11-01,0.7759386733569995,2.464879762187026
2022-11-02,1.1294808787416235,1.7420628157690408
2022-11-03,0.8641748665050935,1.0321175556955204
2022-11-04,2.1962072853537093,2.803973791360856
2022-11-06,1.3913122228718644,1.7182318676190556
2022-11-07,1.161550441510252,1.2588995857789544
2022-11-08,-1.562317907045282,-2.016158077998022
2022-11-09,-1.5020129356099843,-1.1992222775797543
2022-11-10,-3.2544865904007745,-4.323692144859885
2022-11-11,-1.8591581312767664,-2.2350639377812005
2022-11-12,-1.6414442408124863,-1.4854492674228077
2022-11-13,-2.5636337532539533,-3.1218097799795586
2022-11-14,-0.5598986487724312,0.3619292734378407
2022-11-15,-0.9207422724930097,-1.308255419463895
2022-11-16,-0.8511023772737397,-1.1083341340194754
2022-11-18,-0.32985672193727683,-0.40060879926320137
2022-11-19,-0.3422470879074028,-0.5139358917474728
2022-11-20,-0.9400434183439794,-0.9902251111373018
2022-11-21,-1.4864580743707585,-1.559384785349135
2022-11-22,1.561764957076504,2.2462862366413354
2022-11-26,0.051234180539710274,0.4395406214994441
2022-11-27,0.8059766269214272,0.4712498474344385
2022-12-02,-0.4985446389839404,-0.4933443492430727
2022-12-03,-0.25281311316455723,-0.1850347070244217
2022-12-04,0.6828459580201761,1.1380540060613626
2022-12-06,-0.23616224934773938,-0.3602333259779177
2022-12-07,-2.0652958793338994,-2.569521881022938
2022-12-08,1.0595712911630586,1.1329408591003154
2022-12-09,0.9189593332600181,0.923045895389415
2022-12-11,1.1294269370596495,1.6809031183309069
2022-12-12,0.2074986425870311,0.3854691718662768
2022-12-13,-0.7363587811979513,-0.3994714489457392
2022-12-14,-1.8337051524000652,-2.0398579547332685
2022-12-15,-1.4715643313640125,-1.8946853847038656
2022-12-16,-0.03272229236281236,0.6865858620312626
2022-12-17,-1.2400637493009858,-1.678475121567985
2022-12-18,1.0629947053808424,1.2493042699004937
2022-12-22,0.4894779328531471,1.3693816067720688
2022-12-25,1.317464074755258,1.2478615458538362
2022-12-26,2.095980434972338,1.9554472368145903
2022-12-27,3.36563726216382,3.2143110482260244
2022-12-29,0.9531649759099103,0.8070357130693261
2022-12-30,1.293756127904925,1.463829692702831
2022-12-31,0.7444042122694817,0.6712507218582282
2023-01-03,0.3974603330570423,0.08732306108822116
2023-01-04,0.7410715867405776,0.7768936166093339
2023-01-05,1.012962644891792,0.9591100633201264
2023-01-06,0.21704137525901118,0.19315798161623668
2023-01-07,0.7021843344671306,0.7006357602159248
2023-01-08,0.8904245297775855,0.6919186734966688
2023-01-09,1.1262715942349686,1.1634733498970105
2023-01-10,-0.05771294508384442,0.3362023126776248
2023-01-11,0.5134243947552185,0.4404749515933387
2023-01-12,1.7000691248165216,1.922388259987101
2023-01-13,1.7784917392182344,1.6527745523543702
2023-01-14,0.9720095100658764,1.3313962794439722
2023-01-15,1.4719280659994214,1.203966905445662
2023-01-16,-0.40721977505209506,-1.2363276878367029
2023-01-18,1.2523066556429894,1.4394362144321384
2023-01-19,-0.2242681860582267,-0.17286613285970878
2023-01-20,-2.465984393720237,-2.7772608010937536
2023-01-21,-0.3937970059536812,-0.8076248222248932
2023-01-22,-0.12961514912977382,-0.2528329151455662
2023-01-23,-1.049161259210587,-1.415953575697763
2023-01-24,-0.7695127259148966,-0.6918201037687705
2023-01-25,0.15204045888328988,1.2579848302932677
2023-01-26,0.25519961496879695,0.6710785225529206
2023-01-29,0.24964854333049785,0.7214113088207105
2023-01-30,0.23199953689248043,0.4978483308487573
2023-01-31,-0.518908116059429,0.5265700507328993
2023-02-03,-0.22706934294297873,-0.13399833500136116
2023-02-04,0.5374528019673015,0.40868178333339233
2023-02-05,1.4213650751723927,1.6637492510711802
2023-02-06,0.723232272931071,0.6535633582043759
2023-02-07,1.1484621729745856,1.105607826155988
2023-02-08,-1.0846256858636598,-0.993950913695152
2023-02-09,-2.3150768996474493,-2.880542867222598
2023-02-10,-0.8279918197028712,-1.1115382690920337
2023-02-11,-2.5222874198672516,-2.8331168316533732
2023-02-12,-3.029676461309351,-3.8279578523095905
2023-02-13,0.3204169573952437,0.5463679357979012
2023-02-14,-0.6101785487768917,-0.5709579820892586
2023-02-15,-1.2762417188604023,-1.2015804369462628
2023-02-16,-2.144535273815498,-2.329846720125036
2023-02-17,-1.5173446906717738,-1.8565850893895128
2023-02-23,0.46554367058175405,1.306563259927475
2023-02-24,0.4531968220465966,1.2076109714557084
2023-02-25,-0.39829088812670327,-0.23103835097989375
2023-03-02,0.3576090260639735,-0.1533053116671905
2023-03-03,0.3760330781821516,0.4047082177002519
2023-03-04,0.17878607446446018,-0.230732631487004
2023-03-06,-1.2273404432901514,-1.90588610536949
2023-03-07,-1.8186176962281329,-2.1203845477379213
2023-03-09,-0.6111915164686141,-0.5371186656123949
2023-03-11,-1.6309692040079764,-1.2149887020858974
2023-03-12,-0.48964455216496117,-1.4032129187086837
2023-03-15,-0.991299428103988,0.2032570257984635
2023-03-16,-2.027229536773107,-2.123202935186929
2023-03-17,-1.8714936147855297,-2.300101724300709
2023-03-18,-2.508745466487185,-2.523806439479988
2023-03-19,-1.9102625354478284,-2.3505750111452115
2023-03-20,0.19066601340265843,0.10946653803882014
2023-03-21,-1.9807423761856122,-1.761311125793007
2023-03-22,-3.5034888123917476,-4.015269785182687
2023-03-23,1.247462388583956,2.1807112266489113
2023-03-26,-1.479448128894353,-2.0349269685603115
2023-03-27,-2.942204418047327,-4.02454960450352
2023-03-28,-0.9861802990159799,-1.1510976789414482
2023-03-29,-1.3646177981722662,-0.33472800211364934
2023-03-30,-2.5942725261379627,-2.450373414264958
2023-03-31,0.33052714962858165,-0.05477869000929998
2023-04-02,0.35083377860492704,0.22560153828085217
2023-04-05,-2.5326131693004514,-3.107570029466461
2023-04-07,0.8198731729321819,0.8773606579442956
2023-04-08,-1.6792906754846595,-1.6354880448239542
2023-04-09,1.280072885957312,0.8717553954518957
2023-04-10,2.7097207464160125,3.5591009593814897
2023-04-11,0.3950330424813494,1.932632665191085
2023-04-13,-4.006773522885588,-4.442320077200906
2023-04-14,-3.7609243544061317,-3.432258964322207
2023-04-15,-3.7322053345060646,-4.337826569948471
2023-04-16,-0.45044172391708287,-0.5389729120640846
2023-04-17,-2.670268179138175,-3.8867183855604583
2023-04-19,0.24897011355951984,0.5604450544051738
2023-04-20,-0.7804404190198644,-0.6147980988597154
2023-04-21,-2.819750753086259,-3.670263760028298
2023-04-22,-4.156397782939276,-5.550768606517106
2023-04-24,-0.7051383968353852,0.28907619607137314
2023-04-27,-3.5979531041342927,-3.4708458790674444
2023-04-28,-0.49182553499898035,0.2358070565228942
2023-04-29,-2.4208401496061276,-2.4974280726349383
2023-04-30,-3.310146432569677,-3.3601864715253216
2023-05-01,-3.0938421294047855,-2.602453322970072
2023-05-02,-4.251173696099742,-5.442160033971094
2023-05-03,-4.799400443363026,-5.4065423887706086
2023-05-04,1.1112965482757065,1.3557300786877362
2023-05-05,0.33146367301839846,-0.1167273530178552
2023-05-11,-4.8626098159262705,-4.842465531120098
2023-05-12,-1.613791055287178,-1.6813788021625533
2023-05-13,0.9578990216777513,1.1808895026902848
2023-05-14,1.1907720512626887,1.5669271629117008
2023-05-15,0.16291212863714688,0.8383498080901461
2023-05-16,-1.7070060114298662,0.2050590369900807
2023-05-17,-3.0335744556317876,-1.8605949095660288
2023-05-18,-3.3752251355750604,-3.1866311148012043
2023-05-19,-4.708593617463493,-4.694216404933955
2023-05-20,-2.9563650823047642,-2.275575014671187
2023-05-21,-1.5462309341299971,-0.6475073854028699
2023-05-22,-1.077938060398222,-0.4420274381848868
2023-05-24,-5.290258666018549,-5.37701647851498
2023-05-25,-3.509515328054054,-4.066571134005186
2023-05-26,-2.777853602145049,-2.205433038418746
2023-05-27,-2.9388728991531043,-2.2474266404708403
2023-05-28,-4.412386708047343,-3.748580227538976
2023-05-29,-5.5143836950699985,-6.3396893754260555
2023-05-30,-4.832407907779084,-5.209557660811223
2023-05-31,-4.647598425031597,-5.781668062131316
2023-06-01,-4.834847240261827,-4.815994071285841
2023-06-02,-5.07210585291158,-5.544355256642126
2023-06-03,-4.106292129894545,-4.366513943237373
2023-06-04,-4.3394515522533075,-3.6214851228868854
2023-06-05,-2.755869933054389,-2.597430949215215
2023-06-06,-1.7119449796508392,-1.0882692439590826
2023-06-07,-4.472347739856154,-6.954756175116736
2023-06-08,-5.303482114853775,-6.791412106933458
2023-06-12,-3.671187254298563,-2.56696045286347
