datetime,.pred,gcc_90
2020-09-25,0.3950240569999988,0.39412
2020-09-26,0.39914677333333254,0.40184
2020-09-27,0.3949624873333344,0.39528
2020-09-28,0.393781042333334,0.3942
2020-09-29,0.3933439713333329,0.39368
2020-09-30,0.3945874059999996,0.39514
2020-10-01,0.39446313566666796,0.3949
2020-10-02,0.39413220366666796,0.39409
2020-10-03,0.3913839910000008,0.39214
2020-10-04,0.3928067479999999,0.39396
2020-10-05,0.3923416643333326,0.3921
2020-10-06,0.39215913466666596,0.39093
2020-10-07,0.3943507326666673,0.39348
2020-10-08,0.39688621433333393,0.39479
2020-10-09,0.39226914200000046,0.38978
2020-10-10,0.39796885066666754,0.39802
2020-10-11,0.39657591666666725,0.39928
2020-10-12,0.3974700653333341,0.39516
2020-10-13,0.3959532260000006,0.39858
2020-10-14,0.396215346666665,0.39835
2020-10-15,0.3858551610000005,0.38909
2020-10-16,0.3936778526666665,0.39595
2020-10-17,0.39423705500000145,0.39499
2020-10-18,0.3986611576666672,0.39981
2020-10-19,0.4001375909999996,0.39818
2020-10-20,0.3926183263333343,0.39382
2020-10-21,0.39089511833333446,0.39286
2020-10-22,0.38378985066666765,0.38677
2020-10-23,0.3895565683333315,0.39423
2020-10-24,0.3921269833333342,0.39464
2020-10-25,0.3791637866666665,0.38341
2020-10-26,0.3811284630000013,0.38424
2020-10-27,0.38033386066666697,0.38273
2020-10-28,0.38321844933333266,0.38303
2020-10-29,0.38429768399999914,0.38215
2020-10-30,0.3919542279999998,0.39311
2020-10-31,0.3806487850000007,0.3804
2020-11-01,0.3808217046666662,0.37973
2020-11-02,0.3803205670000005,0.37886
2020-11-03,0.39356323166666785,0.39295
2020-11-04,0.3976173016666654,0.39609
2020-11-05,0.3962365410000015,0.39707
2020-11-06,0.3924030176666662,0.39521
2020-11-07,0.39118585700000097,0.39722
2020-11-08,0.3792729046666677,0.38122
2020-11-09,0.38075642733333265,0.38374
2020-11-10,0.3914153786666679,0.39689
2020-11-11,0.384464105666668,0.38514
2020-11-12,0.38517954500000107,0.38791
2020-11-13,0.39173152599999944,0.39317
2020-11-14,0.3898640833333322,0.39395
2020-11-15,0.38834240566666606,0.38833
2020-11-16,0.39518839233333375,0.39927
2020-11-17,0.3944477773333327,0.39523
2020-11-18,0.39187872500000065,0.39455
2020-11-19,0.3913173650000006,0.39381
2020-11-20,0.37969701200000117,0.37905
2020-11-21,0.37724739599999946,0.37757
2020-11-22,0.3860129699999994,0.38679
2020-11-23,0.38542472500000113,0.38451
2020-11-24,0.3865525286666678,0.38908
2020-11-25,0.38765836466666737,0.38873
2020-11-26,0.3884157849999995,0.39082
2020-11-27,0.37945591900000064,0.37743
2020-11-28,0.38482533699999877,0.38653
2020-11-29,0.37581565266666594,0.37568
2020-11-30,0.3832255050000007,0.38497
2020-12-01,0.3770420486666673,0.37502
2020-12-02,0.37376005800000023,0.3733
2020-12-03,0.3835194833333329,0.385
2020-12-04,0.37425037633333447,0.37182
2020-12-05,0.3735648446666667,0.37178
2020-12-06,0.3818657553333329,0.37929
2020-12-07,0.38196109033333414,0.38227
2020-12-08,0.3828270350000009,0.37895
2020-12-09,0.38848264033333285,0.38867
2020-12-10,0.3829460950000009,0.38157
2020-12-11,0.3846202959999995,0.38529
2020-12-12,0.3731501819999991,0.37067
2020-12-13,0.3818169723333344,0.38032
2020-12-14,0.3823549176666663,0.38142
2020-12-15,0.38061155433333344,0.37592
2020-12-16,0.3907931213333345,0.39268
2020-12-17,0.38807558033333384,0.38703
2020-12-18,0.3833378966666658,0.38134
2020-12-19,0.3877087783333324,0.38866
2020-12-20,0.3895795673333342,0.39069
2020-12-21,0.38963454133333286,0.38984
2020-12-22,0.38632684966666786,0.38883
2020-12-23,0.3745285639999995,0.37275
2020-12-24,0.37202844166666643,0.37097
2020-12-25,0.3843775926666679,0.38498
2020-12-26,0.38505727933333267,0.38332
2020-12-27,0.3808887896666672,0.37799
2020-12-28,0.3716284763333316,0.36869
2020-12-29,0.37958695833333456,0.37979
2020-12-30,0.38597665899999933,0.38564
2020-12-31,0.3857432606666656,0.38385
2021-01-01,0.3883926143333326,0.38813
2021-01-02,0.3878554033333335,0.38915
2021-01-03,0.38853602466666726,0.38766
2021-01-04,0.388792697000001,0.38927
2021-01-05,0.38772709033333413,0.38835
2021-01-06,0.386986110666667,0.38584
2021-01-07,0.38581773533333186,0.384
2021-01-08,0.38477076466666754,0.38426
2021-01-09,0.3804020376666677,0.38158
2021-01-10,0.3830858806666669,0.3821
2021-01-11,0.38860443099999903,0.39083
2021-01-12,0.3873142056666659,0.38591
2021-01-14,0.3797704643333334,0.38017
2021-01-15,0.3860515003333336,0.3855
2021-01-16,0.3817162720000002,0.38201
2021-01-17,0.38812719000000057,0.3907
2021-01-18,0.3764571409999991,0.37328
2021-01-19,0.3756460703333324,0.37355
2021-01-20,0.3831710933333337,0.38282
2021-01-21,0.38580459100000064,0.38414
2021-01-22,0.3763762443333351,0.37182
2021-01-23,0.3741537520000003,0.3725
2021-01-24,0.37940265399999984,0.37721
2021-01-25,0.3785991476666677,0.37943
2021-01-26,0.37772369033333275,0.37534
2021-01-27,0.37915985933333285,0.38189
2021-01-28,0.38424509299999926,0.38206
2021-01-29,0.3841963956666673,0.38327
2021-01-30,0.38568815233333226,0.3851
2021-01-31,0.38824099433333253,0.38779
2021-02-01,0.38635775300000047,0.38396
2021-02-02,0.38828648333333377,0.3879
2021-02-03,0.382243723333334,0.37985
2021-02-04,0.3810117159999996,0.38079
2021-02-05,0.3821074300000005,0.38164
2021-02-06,0.37861438033333383,0.37564
2021-02-07,0.38173985266666655,0.38026
2021-02-08,0.38242013366666594,0.3834
2021-02-09,0.37424260133333265,0.37177
2021-02-10,0.37698334299999847,0.37856
2021-02-11,0.37552290099999913,0.37785
2021-02-12,0.3417781273333338,0.33779
2021-02-13,0.345333386333333,0.34723
2021-02-14,0.3404833199999998,0.33276
2021-02-15,0.3769550203333344,0.37594
2021-02-16,0.3799859853333341,0.3779
2021-02-17,0.3815435876666669,0.38154
2021-02-18,0.3805711800000013,0.37914
2021-02-19,0.38103972300000116,0.37923
2021-02-20,0.3816765676666655,0.38203
2021-02-21,0.3825141859999994,0.38267
2021-02-22,0.3819744736666675,0.38021
2021-02-23,0.38379628999999993,0.38344
2021-02-24,0.3766058613333326,0.3757
2021-02-25,0.3803064320000009,0.37844
2021-02-26,0.38260570433333274,0.38323
2021-02-27,0.3794163406666661,0.37774
2021-02-28,0.38082003966666783,0.37932
2021-03-01,0.37758645366666593,0.37613
2021-03-02,0.37896465633333254,0.37606
2021-03-03,0.3766574033333331,0.37524
2021-03-04,0.38005722133333303,0.37777
2021-03-05,0.3832040846666677,0.3786
2021-03-06,0.3808644209999988,0.38006
2021-03-07,0.3808743640000003,0.37966
2021-03-08,0.37809288699999954,0.37685
2021-03-09,0.37920216100000104,0.37744
2021-03-10,0.3774234393333323,0.3746
2021-03-11,0.3776765846666661,0.37497
2021-03-12,0.37640591399999895,0.37496
2021-03-13,0.37616800433333253,0.37525
2021-03-14,0.3827493056666661,0.3798
2021-03-15,0.3777360280000005,0.37664
2021-03-16,0.37662865266666573,0.37463
2021-03-17,0.3773242009999997,0.37551
2021-03-18,0.38152066333333357,0.37816
2021-03-19,0.38108772300000093,0.37779
2021-03-20,0.38375739600000064,0.38074
2021-03-21,0.38067099233333257,0.37944
2021-03-22,0.3808056166666674,0.37895
2021-03-23,0.37911925333333363,0.37655
2021-03-24,0.3809810363333324,0.37982
2021-03-25,0.38181867666666736,0.37985
2021-03-26,0.3810013323333327,0.37911
2021-03-27,0.3788154486666658,0.37803
2021-03-28,0.3835174306666675,0.38229
2021-03-29,0.3795354013333339,0.37808
2021-03-30,0.37848574066666557,0.37767
2021-03-31,0.3789165346666653,0.37809
2021-04-01,0.38296767166666545,0.37846
2021-04-02,0.37936831833333257,0.37837
2021-04-03,0.383660825333334,0.37931
2021-04-04,0.3842204413333324,0.37962
2021-04-05,0.3796371876666674,0.37887
2021-04-06,0.37982037833333226,0.37955
2021-04-07,0.3827448996666671,0.38049
2021-04-08,0.3806755120000004,0.37787
2021-04-09,0.37935615066666634,0.37954
2021-04-10,0.381822946333334,0.37987
2021-04-11,0.3791629263333326,0.37839
2021-04-12,0.37917631333333407,0.37842
2021-04-13,0.37977136466666644,0.37882
2021-04-14,0.38197538766666583,0.37955
2021-04-15,0.38414516699999973,0.38091
2021-04-16,0.3846732883333342,0.38211
2021-04-17,0.38509591033333507,0.38364
2021-04-18,0.38721184100000017,0.38559
2021-04-19,0.38580538666666603,0.38616
2021-04-20,0.3854939200000006,0.38611
2021-04-21,0.3880715623333324,0.38696
2021-04-22,0.3896552196666656,0.38734
2021-04-23,0.38467277899999885,0.38447
2021-04-24,0.3880880759999994,0.38815
2021-04-25,0.3869838016666661,0.38741
2021-04-26,0.38820678066666736,0.38925
2021-04-27,0.38681493866666566,0.38607
2021-04-28,0.389064477999999,0.38869
2021-04-29,0.3918816776666661,0.3893
2021-04-30,0.390930762333333,0.38887
2021-05-01,0.3948089906666672,0.39193
2021-05-02,0.39032978633333376,0.38829
2021-05-03,0.3884947496666665,0.39031
2021-05-04,0.394942108666666,0.38903
2021-05-05,0.38744669666666787,0.38758
2021-05-06,0.3934240366666675,0.38963
2021-05-07,0.38990880100000064,0.39292
2021-05-08,0.3876232763333327,0.38967
2021-05-09,0.39243606999999964,0.38968
2021-05-10,0.39176801366666597,0.38964
2021-05-11,0.39205987233333234,0.38947
2021-05-12,0.3929295773333326,0.39208
2021-05-13,0.3928843233333337,0.39034
2021-05-14,0.39288814533333283,0.38903
2021-05-15,0.3955452020000009,0.38954
2021-05-16,0.3962340686666666,0.39013
2021-05-17,0.3930793743333328,0.3903
2021-05-18,0.39230733933333256,0.39182
2021-05-19,0.3851734839999992,0.38482
2021-05-20,0.38844017466666747,0.3907
2021-05-21,0.3874101319999992,0.38725
2021-05-22,0.39318910299999876,0.39074
2021-05-23,0.39195772399999884,0.39224
2021-05-24,0.3926478156666673,0.39482
2021-05-25,0.39662858166666787,0.39500999999999997
2021-05-26,0.3960365293333323,0.39359
2021-05-27,0.3981968086666677,0.39966
2021-05-28,0.39853800766666747,0.39885
2021-05-29,0.40043304466666513,0.40014
2021-05-30,0.4007582783333322,0.40516
2021-05-31,0.4038220460000008,0.40877
2021-06-01,0.4097991299999997,0.41123
2021-06-02,0.41155807199999955,0.41186
2021-06-03,0.40879286800000075,0.41219
2021-06-04,0.40954155900000105,0.41166
2021-06-05,0.40860425933333216,0.41617
2021-06-06,0.401569864666666,0.4141
2021-06-07,0.40317244366666494,0.41122
2021-06-08,0.40645201133333353,0.41165
2021-06-09,0.40646398699999947,0.4118
2021-06-10,0.4035903813333316,0.41328
2021-06-11,0.4079068446666674,0.41772
2021-06-12,0.41132888399999945,0.41681
2021-06-13,0.4161324763333341,0.4273
2021-06-14,0.41209556399999986,0.42073
2021-06-15,0.4121686353333323,0.41938
2021-06-16,0.412881442333333,0.41706
2021-06-17,0.41283229499999896,0.41552
2021-06-18,0.40982930766666753,0.41595
2021-06-19,0.4101710790000007,0.41638
2021-06-20,0.4122876006666677,0.41504
2021-06-21,0.41410324400000187,0.41621
2021-06-22,0.4120321083333326,0.41537
2021-06-23,0.4108586503333344,0.4139
2021-06-24,0.4102511536666668,0.41377
2021-06-25,0.40919626033333395,0.41387
2021-06-26,0.41006379266666726,0.41001
2021-06-27,0.4088104903333355,0.40692
2021-06-28,0.4077659973333353,0.40477
2021-06-29,0.4076972369999993,0.4054
2021-06-30,0.4060183326666674,0.40707
2021-07-01,0.40433998999999887,0.40561
2021-07-02,0.4027653266666652,0.4039
2021-07-03,0.40307896033333296,0.40347
2021-07-04,0.40265858066666754,0.4016
2021-07-05,0.40192252800000117,0.39966
2021-07-06,0.40193869033333424,0.39766
2021-07-07,0.40048973066666804,0.39884
2021-07-08,0.400857044333334,0.39677
2021-07-09,0.39953842800000094,0.39417
2021-07-10,0.3980575190000005,0.39374
2021-07-11,0.3961646166666666,0.39219
2021-07-12,0.3963245076666659,0.39253
2021-07-13,0.39672203666666733,0.39238
2021-07-14,0.3948528663333324,0.39236
2021-07-15,0.3964941799999991,0.39162
2021-07-16,0.393865795999999,0.39092
2021-07-17,0.3985453613333338,0.39211
2021-07-18,0.39600803933333406,0.39249
2021-07-19,0.3973946026666681,0.39331
2021-07-20,0.39964239633333404,0.39509
2021-07-21,0.39524744633333264,0.39084
2021-07-22,0.3959426003333329,0.39333
2021-07-23,0.39943384733333415,0.39373
2021-07-24,0.39827279500000085,0.39419
2021-07-25,0.395654748333334,0.39373
2021-07-26,0.395277543999999,0.39316
2021-07-27,0.39615031599999856,0.39414
2021-07-28,0.39619191399999976,0.39308
2021-07-29,0.3974399453333341,0.39444
2021-07-30,0.39910346866666646,0.39508
2021-07-31,0.398049080666667,0.39578
2021-08-01,0.39669804366666617,0.3946
2021-08-02,0.39613476200000064,0.39426
2021-08-03,0.39718376999999905,0.39493
2021-08-04,0.3947270373333322,0.39269
2021-08-05,0.39527228933333125,0.39047
2021-08-06,0.3960973970000008,0.3914
2021-08-07,0.3953607549999991,0.39296
2021-08-08,0.39668087333333324,0.39378
2021-08-09,0.39687872033333377,0.39408
2021-08-10,0.3963461889999996,0.39521
2021-08-11,0.39582693099999916,0.39397
2021-08-12,0.39499147200000045,0.39068
2021-08-13,0.3949618613333323,0.39289
2021-08-14,0.3956379359999994,0.39243
2021-08-15,0.3960246579999995,0.39485
2021-08-16,0.3961371586666679,0.39293
2021-08-17,0.39552521966666765,0.39248
2021-08-18,0.39543280633333444,0.39241
2021-08-19,0.39531845899999934,0.39138
2021-08-20,0.39442861933333245,0.39287
2021-08-21,0.39441473633333407,0.39169
2021-08-22,0.3930811840000011,0.39133
2021-08-23,0.3916813040000001,0.38987
2021-08-24,0.3932766929999987,0.39316
2021-08-25,0.3953526889999991,0.39496
2021-08-26,0.3960661976666658,0.3961
2021-08-27,0.39393163066666587,0.39128
2021-08-28,0.3935155860000006,0.39285
2021-08-29,0.3949705593333337,0.39348
2021-08-30,0.394077701,0.39132
2021-08-31,0.39281889399999864,0.39224
2021-09-01,0.3920697709999998,0.39192
2021-09-02,0.39235457466666596,0.392
2021-09-03,0.39226484133333245,0.39126
2021-09-04,0.39308202766666744,0.39167
2021-09-05,0.3947874389999986,0.39217
2021-09-06,0.3957251466666658,0.39084
2021-09-07,0.3929340389999986,0.39215
2021-09-08,0.39394906733333385,0.39052
2021-09-09,0.3941368613333324,0.39099
2021-09-10,0.39712699933333295,0.39512
2021-09-11,0.39171394599999876,0.38913
2021-09-12,0.39427768366666666,0.39076
2021-09-13,0.39146762599999935,0.39055
2021-09-14,0.39008799400000105,0.38854
2021-09-15,0.3948329476666674,0.38963
2021-09-16,0.3858288733333328,0.38697
2021-09-17,0.39553043866666643,0.39485
2021-09-18,0.3985936486666676,0.39589
2021-09-19,0.3999415579999989,0.40086
2021-09-20,0.3947110753333325,0.39413
2021-09-21,0.39251036399999917,0.39278
2021-09-22,0.3952821680000006,0.39652
2021-09-23,0.3942928063333324,0.39314
2021-09-24,0.39344309933333305,0.39192
2021-09-25,0.3929871806666669,0.39195
2021-09-26,0.39509819633333454,0.39671
2021-09-27,0.39692880000000114,0.39364
2021-09-28,0.3923998770000012,0.3906
2021-09-29,0.3938745463333328,0.3972
2021-09-30,0.3967049346666674,0.39498
2021-10-01,0.3901192843333336,0.39161
2021-10-02,0.38962702133333404,0.39285
2021-10-03,0.39130491566666753,0.39241
2021-10-04,0.3921773296666676,0.39274
2021-10-05,0.394149397999999,0.39334
2021-10-06,0.39142353266666585,0.3937
2021-10-07,0.3844373303333333,0.38655
2021-10-08,0.3845774780000011,0.38854
2021-10-09,0.3910058426666669,0.39544
2021-10-10,0.3949985376666674,0.39552
2021-10-11,0.3871618889999991,0.38911
2021-10-12,0.38468781033333427,0.38793
2021-10-13,0.3895200163333329,0.39046
2021-10-14,0.38956689033333314,0.38921
2021-10-15,0.3880520503333344,0.38693
2021-10-16,0.38395015266666693,0.38461
2021-10-17,0.39017960033333254,0.38902
2021-10-18,0.3897691050000014,0.39134
2021-10-20,0.392847742333333,0.38939
2021-10-21,0.3929284040000006,0.39294
2021-10-22,0.3905231159999989,0.38832
2021-10-23,0.38834727833333255,0.38699
2021-10-24,0.3896400806666674,0.38936
2021-10-25,0.3894750766666655,0.39065
2021-10-26,0.3893995789999989,0.38967
2021-10-27,0.3908538646666674,0.3916
2021-10-28,0.3969226559999994,0.39854
2021-10-29,0.39758437800000157,0.39116
2021-10-30,0.38028243966666725,0.38316
2021-10-31,0.3810137380000004,0.38342
2021-11-01,0.38919854266666526,0.39119
2021-11-02,0.38962109199999917,0.38967
2021-11-03,0.3924029856666667,0.39255
2021-11-04,0.39544350966666675,0.39658
2021-11-05,0.38880157366666696,0.38774
2021-11-06,0.38789288200000027,0.39112
2021-11-07,0.390994703,0.39387
2021-11-08,0.3820741860000007,0.38056
2021-11-09,0.38792433266666765,0.39131
2021-11-10,0.38755723466666564,0.38904
2021-11-11,0.38812411766666777,0.38818
2021-11-12,0.3959786743333337,0.39419
2021-11-13,0.39322838399999915,0.39406
2021-11-14,0.39483541199999883,0.39271
2021-11-15,0.3962634796666665,0.39467
2021-11-16,0.38778738733333273,0.39111
2021-11-17,0.3824820483333317,0.38644
2021-11-18,0.3896688453333326,0.39315
2021-11-19,0.38942545200000006,0.3896
2021-11-20,0.38389715399999913,0.38519
2021-11-21,0.3789141540000006,0.38139
2021-11-22,0.38568137266666525,0.39009
2021-11-23,0.3922342343333346,0.39689
2021-11-24,0.3861633839999999,0.38825
2021-11-25,0.3879020583333343,0.3914
2021-11-26,0.3829366003333337,0.37988
2021-11-27,0.3900506550000003,0.39034
2021-11-28,0.3915120273333322,0.3883
2021-11-29,0.3897152526666679,0.38657
2021-11-30,0.3954639030000012,0.39642
2021-12-01,0.3874754679999992,0.38537
2021-12-02,0.38875660300000037,0.38792
2021-12-03,0.38154852833333447,0.3805
2021-12-04,0.3814601906666669,0.3793
2021-12-05,0.38404306866666515,0.38418
2021-12-06,0.3821632856666662,0.38198
2021-12-07,0.3898743053333345,0.3891
2021-12-08,0.3867548830000006,0.3845
2021-12-09,0.382481339666668,0.38346
2021-12-10,0.3860536169999993,0.38956
2021-12-11,0.3861863916666665,0.38729
2021-12-12,0.3890597083333321,0.39101
2021-12-13,0.38611924933333425,0.38845
2021-12-14,0.38132387566666576,0.38278
2021-12-15,0.3844783716666659,0.38851
2021-12-16,0.3842469656666662,0.38753
2021-12-17,0.3855876666666664,0.38966
2021-12-18,0.38694867233333363,0.38828
2021-12-19,0.36612345366666804,0.34809
2021-12-20,0.38649354766666694,0.38718
2021-12-21,0.3835640859999994,0.38358
2021-12-22,0.39018474733333225,0.39188
2021-12-23,0.3906056499999993,0.39252
2021-12-24,0.3830681709999994,0.38225
2021-12-25,0.37660021300000085,0.37663
2021-12-26,0.3476699090000003,0.33967
2021-12-27,0.3401672819999995,0.33505
2021-12-28,0.33983036466666683,0.33035
2021-12-29,0.34690709900000044,0.33608
2021-12-30,0.34122752933333345,0.33784
2021-12-31,0.3713477130000001,0.37408
2022-01-01,0.36834559033333253,0.37293
2022-01-02,0.3760936576666678,0.38012
2022-01-03,0.3814242973333321,0.37738
2022-01-04,0.3814277063333341,0.38038
2022-01-05,0.382492470666666,0.38171
2022-01-06,0.3874830210000009,0.38713
2022-01-07,0.38864261966666624,0.38789
2022-01-08,0.384824137333334,0.38558
2022-01-09,0.37519071800000064,0.37494
2022-01-10,0.3868622266666668,0.38915
2022-01-11,0.3891846650000014,0.39266
2022-01-12,0.38583972900000013,0.38138
2022-01-13,0.38433523466666725,0.38253
2022-01-14,0.38306607466666637,0.38162
2022-01-15,0.38054331966666655,0.37999
2022-01-16,0.38309338033333334,0.38532
2022-01-17,0.3776306673333325,0.37588
2022-01-18,0.37933464266666517,0.37451
2022-01-19,0.38110743900000066,0.37521
2022-01-20,0.38390752399999944,0.38054
2022-01-21,0.3826165976666675,0.38202
2022-01-22,0.3762070056666656,0.37523
2022-01-23,0.3745293906666666,0.3739
2022-01-24,0.3746712086666674,0.37322
2022-01-25,0.3739605230000012,0.37278
2022-01-26,0.37339932033333423,0.37179
2022-01-27,0.37287278133333435,0.37107
2022-01-28,0.3721592570000009,0.37116
2022-01-29,0.3747474869999994,0.37487
2022-01-30,0.38181176933333216,0.37899
2022-01-31,0.38124121533333233,0.37901
2022-02-01,0.3797975956666658,0.37821
2022-02-02,0.3765164520000002,0.37187
2022-02-03,0.3782638956666655,0.37588
2022-02-04,0.38057396300000024,0.37778
2022-02-05,0.37921863066666617,0.37598
2022-02-06,0.3744616106666663,0.37228
2022-02-07,0.37927073266666755,0.37674
2022-02-08,0.3768275209999988,0.37489
2022-02-09,0.38297598066666655,0.37974
2022-02-10,0.37839182533333277,0.37363
2022-02-11,0.37608350800000095,0.37343
2022-02-12,0.375608391000001,0.37172
2022-02-13,0.3755228200000009,0.3743
2022-02-14,0.38416559399999956,0.38285
2022-02-15,0.38266289533333314,0.3816
2022-02-16,0.3828326210000006,0.38121
2022-02-17,0.38255636066666565,0.38132
2022-02-18,0.3782830436666673,0.3768
2022-02-19,0.3817593373333329,0.37954
2022-02-20,0.38348525900000013,0.3842
2022-02-21,0.3775481823333348,0.3752
2022-02-22,0.3722912279999996,0.3707
2022-02-23,0.37146783399999983,0.37219
2022-02-24,0.372630128333334,0.37107
2022-02-25,0.3740630379999992,0.37356
2022-02-26,0.37562582199999944,0.37517
2022-02-27,0.3820436169999988,0.37883
2022-02-28,0.3901808053333346,0.3872
2022-03-01,0.3885002470000001,0.38449
2022-03-02,0.38731810266666566,0.38474
2022-03-03,0.38552074766666766,0.3846
2022-03-04,0.3837310806666677,0.38442
2022-03-05,0.3812810999999989,0.38221
2022-03-06,0.37873961033333214,0.37872
2022-03-07,0.37992650166666625,0.38115
2022-03-08,0.3822042373333331,0.38234
2022-03-09,0.3794318013333329,0.37813
2022-03-10,0.3766787393333334,0.37682
2022-03-11,0.3808709039999989,0.37964
2022-03-12,0.38002037466666716,0.37877
2022-03-13,0.38235735133333226,0.37676
2022-03-14,0.38443643066666633,0.38196
2022-03-15,0.38360721466666686,0.37959
2022-03-16,0.38272037533333353,0.38109
2022-03-17,0.3807634963333335,0.37984
2022-03-18,0.3857591500000006,0.38488
2022-03-19,0.3765794613333353,0.36732
2022-03-20,0.38157859433333297,0.38151
2022-03-21,0.37943111533333396,0.37698
2022-03-22,0.3886415059999995,0.38771
2022-03-23,0.3896176280000011,0.38534
2022-03-24,0.38498353400000074,0.38632
2022-03-25,0.38542380999999937,0.38421
2022-03-26,0.3896497936666667,0.38738
2022-03-27,0.38952418099999947,0.38679
2022-03-28,0.39240201233333216,0.38886
2022-03-29,0.38900803733333433,0.38668
2022-03-30,0.3857999896666663,0.3852
2022-03-31,0.3856916870000008,0.38721
2022-04-01,0.38224847899999864,0.38257
2022-04-02,0.38387264366666773,0.38254
2022-04-03,0.38496629033333296,0.38538
2022-04-04,0.39371187099999866,0.39092
2022-04-05,0.38565715633333175,0.38823
2022-04-06,0.3829741980000003,0.38745
2022-04-07,0.38807242333333325,0.39002
2022-04-08,0.3917285500000003,0.38461
2022-04-09,0.3846581903333341,0.38728
2022-04-10,0.37960210900000035,0.37984
2022-04-11,0.373756821333333,0.37526
2022-04-12,0.3769262073333335,0.37688
2022-04-13,0.3802670583333336,0.3821
2022-04-14,0.3800728953333344,0.38218
2022-04-15,0.38210601833333424,0.38317
2022-04-16,0.3817610383333321,0.3825
2022-04-17,0.38251884500000016,0.38325
2022-04-18,0.3844008556666675,0.38309
2022-04-19,0.38321753300000067,0.38327
2022-04-20,0.38423798199999964,0.38518
2022-04-21,0.3861169376666673,0.38775
2022-04-22,0.3836270493333326,0.3824
2022-04-23,0.38601653699999866,0.38615
2022-04-24,0.3856443590000001,0.38718
2022-04-25,0.38817312066666754,0.38435
2022-04-26,0.3848309059999996,0.38518
2022-04-27,0.38521662766666537,0.38597
2022-04-28,0.384011239000001,0.38283
2022-04-29,0.3847320603333338,0.38434
2022-04-30,0.38637247566666605,0.38482
2022-05-01,0.3900276659999993,0.38556
2022-05-02,0.3870029696666654,0.38606
2022-05-03,0.38660888966666745,0.38513
2022-05-04,0.3879049343333323,0.38678
2022-05-05,0.3884596246666664,0.38384
2022-05-06,0.3883699069999993,0.38831
2022-05-07,0.38904716633333253,0.38654
2022-05-08,0.38298615433333394,0.38253
2022-05-09,0.3829983326666664,0.38368
2022-05-10,0.3837288989999994,0.38357
2022-05-11,0.3834312676666671,0.38488
2022-05-12,0.384945055333334,0.38235
2022-05-13,0.38205277299999924,0.38099
2022-05-14,0.38705093933333296,0.38554
2022-05-15,0.39109615466666653,0.38814
2022-05-16,0.39247193400000024,0.38691
2022-05-17,0.3881367799999985,0.38803
2022-05-18,0.3837875793333341,0.37967
2022-05-19,0.38720031733333465,0.3874
2022-05-20,0.3835736793333342,0.38182
2022-05-21,0.3914851509999985,0.3866
2022-05-22,0.38949879799999987,0.38568
2022-05-23,0.39057196966666546,0.3834
2022-05-24,0.3873018263333329,0.38321
2022-05-25,0.39135418933333205,0.38409
2022-05-26,0.3925375866666678,0.38632
2022-05-27,0.39127856633333424,0.38489
2022-05-28,0.39061189466666574,0.39101
2022-05-29,0.3907536609999991,0.38849
2022-05-30,0.38640157833333416,0.38442
2022-05-31,0.39468956300000085,0.38997
2022-06-01,0.3944458700000012,0.39089
2022-06-02,0.3985899513333322,0.39206
2022-06-03,0.3993619879999999,0.39998
2022-06-04,0.39999485899999915,0.4023
2022-06-05,0.4030676670000011,0.40546
2022-06-06,0.40435012100000106,0.40369
2022-06-07,0.40060474099999915,0.4066
2022-06-08,0.4071722756666673,0.41065
2022-06-09,0.41062147400000004,0.41959
2022-06-10,0.4118666066666665,0.42118
2022-06-11,0.4122008159999996,0.42153
2022-06-12,0.4127583349999999,0.41968
2022-06-13,0.4061910423333318,0.42002
2022-06-14,0.409864606666668,0.42214
2022-06-15,0.4073242073333332,0.4195
2022-06-16,0.411812591000001,0.41871
2022-06-17,0.41178042533333375,0.42365
2022-06-18,0.4106073363333325,0.42307
2022-06-19,0.4108492593333344,0.42346
2022-06-20,0.4116671793333323,0.42083
2022-06-21,0.41611780166666706,0.423
2022-06-22,0.41271693100000073,0.42202
2022-06-23,0.4121691433333332,0.42109
2022-06-24,0.4133904880000012,0.42024
2022-06-25,0.41489305233333396,0.41989
2022-06-26,0.41702456466666626,0.42326
2022-06-27,0.41646234900000145,0.42178
2022-06-28,0.41067031966666634,0.42288
2022-06-29,0.4133896766666654,0.42002
2022-06-30,0.4120865776666657,0.42
2022-07-01,0.40769917666666533,0.41554
2022-07-02,0.40987938399999896,0.41821
2022-07-03,0.40774798399999906,0.416
2022-07-04,0.41178567033333413,0.42105
2022-07-05,0.4070393816666665,0.41724
2022-07-06,0.4097545976666657,0.41356
2022-07-07,0.4095246769999992,0.41465
2022-07-08,0.41180004700000067,0.41754
2022-07-09,0.4089998653333323,0.41723
2022-07-10,0.4134446016666671,0.41765
2022-07-11,0.4114965296666669,0.41583
2022-07-12,0.41146112833333537,0.41648
2022-07-13,0.41076363999999965,0.41457
2022-07-14,0.4104781130000002,0.41386
2022-07-15,0.409942388666667,0.4129
2022-07-16,0.4056220856666675,0.41022
2022-07-17,0.4075069333333336,0.40896
2022-07-18,0.4076970900000017,0.41292
2022-07-19,0.4088159970000008,0.41315
2022-07-20,0.41046197533333334,0.41153
2022-07-21,0.41077222266666696,0.41281
2022-07-22,0.4039169649999991,0.40651
2022-07-23,0.399496172,0.40258
2022-07-24,0.40687234900000097,0.41103
2022-07-25,0.4085812253333343,0.41104
2022-07-26,0.408369880666666,0.41024
2022-07-27,0.408140307999999,0.41114
2022-07-28,0.40707400666666493,0.4114
2022-07-29,0.40850520466666607,0.40875
2022-07-30,0.4081926446666668,0.40885
2022-07-31,0.40803929333333283,0.41018
2022-08-01,0.4051704806666678,0.40933
2022-08-02,0.40242711433333295,0.40365
2022-08-03,0.39750248833333196,0.39414
2022-08-04,0.39892343800000096,0.39814
2022-08-05,0.3973479389999992,0.39897
2022-08-06,0.3914741006666669,0.38548
2022-08-07,0.39693797399999897,0.39305
2022-08-08,0.40299702066666687,0.4067
2022-08-09,0.40309388066666724,0.40252
2022-08-10,0.40283309166666553,0.40247
2022-08-11,0.402656167333334,0.40422
2022-08-12,0.4028822189999996,0.40499
2022-08-13,0.40474493333333206,0.40399
2022-08-14,0.40087254266666555,0.40274
2022-08-15,0.40033038433333423,0.4019
2022-08-16,0.4002683236666676,0.4019
2022-08-17,0.39918162766666604,0.40049
2022-08-18,0.4019656469999988,0.40254
2022-08-19,0.40349817299999896,0.40532
2022-08-20,0.40245604933333146,0.40343
2022-08-21,0.4007958549999993,0.4012
2022-08-22,0.39924318566666817,0.40063
2022-08-23,0.4004517966666669,0.40148
2022-08-24,0.40106290699999936,0.4012
2022-08-25,0.40093358833333315,0.40166
2022-08-26,0.3977738849999985,0.39618
2022-08-27,0.40167818333333305,0.39962
2022-08-28,0.39909003033333174,0.40005
2022-08-29,0.3983296729999992,0.39854
2022-08-30,0.3984719349999992,0.39809
2022-08-31,0.3961468596666656,0.39269
2022-09-01,0.3970235560000005,0.39623
2022-09-02,0.3989958416666666,0.40016
2022-09-03,0.40007290766666553,0.40066
2022-09-04,0.39639721900000047,0.39598
2022-09-05,0.39692599399999867,0.39647
2022-09-06,0.39593476366666613,0.39631
2022-09-07,0.395139607333334,0.39482
2022-09-08,0.39305069266666737,0.395
2022-09-09,0.39419534666666534,0.39728
2022-09-12,0.4009375839999998,0.40473
2022-09-13,0.39940625900000043,0.39938
2022-09-14,0.3934721533333343,0.39247
2022-09-15,0.3955435630000008,0.39617
2022-09-16,0.38951458033333425,0.3873
2022-09-17,0.3938323873333348,0.39499
2022-09-18,0.3933390359999998,0.39127
2022-09-19,0.39225297533333353,0.39103
2022-09-20,0.39500586333333343,0.39712
2022-09-21,0.3921904849999992,0.39135
2022-09-22,0.3913270493333337,0.38754
2022-09-23,0.3940439280000001,0.39544
2022-09-24,0.3950621063333322,0.39601
2022-09-25,0.39485923233333226,0.39573
2022-09-26,0.3944785163333344,0.39463
2022-09-27,0.39415969399999895,0.39459
2022-09-28,0.3889764990000002,0.38279
2022-09-29,0.3930600130000014,0.38648
2022-09-30,0.39569778499999875,0.39798
2022-10-01,0.39551185133333344,0.39685
2022-10-02,0.3951726966666676,0.39561
2022-10-03,0.3951693403333333,0.39577
2022-10-04,0.39321744466666536,0.39253
2022-10-05,0.39431202200000043,0.39515
2022-10-06,0.3940957893333323,0.39459
2022-10-07,0.39279965966666713,0.39148
2022-10-08,0.39347956200000067,0.39348
2022-10-09,0.39349612800000117,0.39322
2022-10-10,0.389740920333334,0.389
2022-10-11,0.3938496056666665,0.39246
2022-10-12,0.39169379666666654,0.39181
2022-10-13,0.3918761563333335,0.39123
2022-10-14,0.3909524300000004,0.39122
2022-10-15,0.3893710230000003,0.38685
2022-10-16,0.38875104266666544,0.38644
2022-10-17,0.37905244233333263,0.37444
2022-10-18,0.3796501829999991,0.37606
2022-10-19,0.38164582199999914,0.37776
2022-10-20,0.38578116933333373,0.38163
2022-10-21,0.38476405700000116,0.37582
2022-10-22,0.3818969479999995,0.37437
2022-10-23,0.3888914826666676,0.39214
2022-10-24,0.391399930333333,0.39621
2022-10-25,0.39403139,0.39902
2022-10-26,0.3911680436666678,0.39543
2022-10-27,0.38696192599999923,0.38663
2022-10-28,0.39309860766666743,0.39722
2022-10-29,0.3927776713333338,0.39419
2022-10-30,0.3979754856666662,0.40228
2022-10-31,0.39640832600000075,0.39785
2022-11-01,0.38982507100000036,0.39148
2022-11-02,0.39117529666666556,0.39663
2022-11-03,0.38856814600000034,0.39363
2022-11-04,0.39241015733333234,0.39735
2022-11-05,0.3941073413333337,0.39927
2022-11-06,0.3899449253333319,0.39385
2022-11-07,0.39083595166666574,0.39791
2022-11-08,0.3824910176666683,0.38505
2022-11-09,0.3785043543333323,0.38063
2022-11-10,0.3849677046666661,0.39156
2022-11-11,0.390161036333332,0.39672
2022-11-12,0.38238744333333463,0.38326
2022-11-14,0.378161289999999,0.37964
2022-11-15,0.37669556133333443,0.37915
2022-11-16,0.3746351753333348,0.37397
2022-11-17,0.37269250799999976,0.37219
2022-11-18,0.3745459653333335,0.37359
2022-11-19,0.37386065433333415,0.37313
2022-11-20,0.37561439566666793,0.37645
2022-11-21,0.381967670666666,0.38285
2022-11-22,0.3855330043333338,0.38649
2022-11-23,0.3865543579999998,0.38787
2022-11-24,0.37734795133333304,0.37652
2022-11-25,0.38567544833333195,0.3849
2022-11-26,0.38446710433333325,0.38539
2022-11-27,0.3868849513333335,0.38944
2022-11-28,0.38189021433333403,0.38334
2022-11-29,0.37487205733333434,0.376
2022-11-30,0.3845357713333317,0.38689
2022-12-01,0.3790565993333321,0.38409
2022-12-02,0.3828724443333352,0.39105
2022-12-03,0.3756801343333337,0.37626
2022-12-04,0.37718550300000003,0.3767
2022-12-05,0.37642863566666696,0.37243
2022-12-06,0.3828832906666659,0.38267
2022-12-07,0.3835207793333333,0.38539
2022-12-08,0.3874919549999989,0.39054
2022-12-09,0.38460361000000076,0.38594
2022-12-10,0.3863521586666662,0.3878
2022-12-11,0.38599851333333357,0.3864
2022-12-12,0.38608326500000056,0.38951
2022-12-13,0.38172855766666536,0.38472
2022-12-14,0.37699284733333277,0.37676
2022-12-15,0.3755808200000003,0.37546
2022-12-16,0.37365131099999965,0.37359
2022-12-17,0.3719483299999988,0.36988
2022-12-18,0.37896393733333344,0.37565
2022-12-19,0.3792900256666657,0.37973
2022-12-20,0.3815877596666662,0.38135
2022-12-21,0.3737176276666676,0.36937
2022-12-22,0.36773699466666776,0.37116
2022-12-23,0.35388151533333256,0.35114
2022-12-24,0.3848217916666669,0.38566
2022-12-25,0.3857266819999997,0.38681
2022-12-27,0.38781812900000084,0.38684
2022-12-29,0.38779814266666723,0.39052
2022-12-30,0.3901585743333338,0.39213
2022-12-31,0.38984093166666595,0.39001
2023-01-01,0.3836246423333346,0.38469
2023-01-02,0.37813802866666746,0.37754
2023-01-03,0.38435146366666695,0.38503
2023-01-04,0.38657933833333336,0.38852
2023-01-05,0.3874781786666675,0.39035
2023-01-06,0.3876125903333332,0.38816
2023-01-07,0.3907063009999997,0.39109
2023-01-08,0.38927518266666666,0.39011
2023-01-09,0.3876283433333345,0.3874
2023-01-10,0.3823224680000007,0.38139
2023-01-11,0.3868860269999998,0.38751
2023-01-12,0.39229920733333196,0.39573
2023-01-13,0.39182136966666614,0.39288
2023-01-14,0.3920857433333328,0.39243
2023-01-15,0.38812183800000144,0.38731
2023-01-16,0.38780785166666726,0.38916
2023-01-17,0.38629799233333273,0.38634
2023-01-18,0.38685556466666793,0.38749
2023-01-19,0.3874535929999989,0.39108
2023-01-20,0.3778311646666659,0.37615
2023-01-21,0.37995225399999993,0.38001
2023-01-22,0.38568177100000006,0.38935
2023-01-23,0.3855932339999987,0.3883
2023-01-24,0.3835800936666655,0.38526
2023-01-25,0.38520705933333427,0.38677
2023-01-26,0.3857837893333338,0.38799
2023-01-27,0.38230002733333296,0.38225
2023-01-28,0.38836408066666633,0.39163
2023-01-29,0.3720013439999994,0.37219
2023-01-30,0.37159430000000143,0.37153
2023-01-31,0.3767722050000002,0.3782
2023-02-01,0.3762929260000009,0.37304
2023-02-02,0.3750675439999992,0.37505
2023-02-03,0.3865541886666656,0.38624000000000003
2023-02-04,0.3882535629999994,0.38788
2023-02-05,0.3881315616666666,0.38682
2023-02-06,0.3812103403333325,0.38027
2023-02-07,0.3847869170000003,0.38577
2023-02-08,0.3798908103333333,0.37811
2023-02-09,0.37773888999999894,0.37648
2023-02-10,0.38392193699999916,0.38322
2023-02-11,0.3813214163333341,0.38355
2023-02-12,0.3775401666666677,0.37672
2023-02-13,0.3814484683333334,0.3795
2023-02-14,0.37820821533333454,0.37878
2023-02-15,0.37500574199999914,0.37579
2023-02-16,0.3786322933333327,0.37828
2023-02-17,0.38399083766666575,0.38367
2023-02-18,0.38121641799999895,0.38053
2023-02-19,0.38079949999999924,0.3798
2023-02-20,0.383497371999999,0.38347
2023-02-21,0.3843640126666672,0.38202
2023-02-22,0.3504885316666658,0.3284
2023-02-23,0.35809649833333473,0.35863
2023-02-24,0.37122017766666765,0.37332
2023-02-25,0.3722730610000006,0.37456
2023-02-26,0.36591422200000007,0.35799
2023-02-27,0.3713714339999996,0.37121
2023-02-28,0.3665838136666658,0.36514
2023-03-01,0.37433974200000075,0.37528
2023-03-02,0.3757712116666656,0.37406
2023-03-03,0.3766524350000003,0.37646
2023-03-04,0.37497930333333407,0.37262
2023-03-05,0.3741323899999996,0.3792
2023-03-06,0.37759494600000026,0.37843
2023-03-07,0.37849921966666544,0.37677
2023-03-08,0.37354150200000097,0.36982
2023-03-09,0.37670015600000095,0.37486
2023-03-10,0.37725642766666684,0.37467
2023-03-11,0.3794670513333325,0.37801
2023-03-12,0.3836243403333329,0.3835
2023-03-13,0.38190011699999904,0.37926
2023-03-14,0.3791779496666651,0.37659
2023-03-15,0.38011018433333366,0.37787
2023-03-16,0.37795871433333167,0.3765
2023-03-17,0.3770836630000002,0.37771
2023-03-18,0.3800711353333338,0.37805
2023-03-19,0.3865341600000001,0.38485
2023-03-20,0.3854555693333341,0.38298
2023-03-21,0.38229717966666754,0.38012
2023-03-22,0.3809425560000009,0.38059
2023-03-23,0.3823252103333328,0.37962
2023-03-24,0.378896547000001,0.37862
2023-03-25,0.37911002466666593,0.37881
2023-03-26,0.3798870416666674,0.38023
2023-03-27,0.379732279,0.37977
2023-03-28,0.38371078166666717,0.38334
2023-03-29,0.38390953833333297,0.38446
2023-03-30,0.3858912459999997,0.38536
2023-03-31,0.3832720299999993,0.38096
2023-04-01,0.38072439400000013,0.37921
2023-04-02,0.38001440499999994,0.3799
2023-04-03,0.38074575133333394,0.38408
2023-04-04,0.3814449606666671,0.38316
2023-04-05,0.3815069213333326,0.38195
2023-04-06,0.38856588433333406,0.38809
2023-04-07,0.38650486933333417,0.38639
2023-04-08,0.3853733096666676,0.38614
2023-04-09,0.3889362220000002,0.38888
2023-04-10,0.3873829949999989,0.38687
2023-04-11,0.38200212433333397,0.3821
2023-04-12,0.38011750533333244,0.37991
2023-04-13,0.3859732676666669,0.38924
2023-04-14,0.3830148290000001,0.38342
2023-04-15,0.38427497800000004,0.3855
2023-04-16,0.385717894000001,0.38612
2023-04-17,0.3806435649999994,0.38106
2023-04-18,0.38032618366666765,0.38122
2023-04-19,0.3809214116666662,0.38151
2023-04-20,0.3819766689999996,0.38312
2023-04-21,0.3864682430000006,0.38694
2023-04-22,0.38963920399999985,0.38599
2023-04-23,0.3902921669999994,0.38464
2023-04-24,0.39000387466666736,0.39222
2023-04-25,0.3881153716666655,0.38922
2023-04-26,0.3920298706666667,0.39139
2023-04-27,0.39387141933333253,0.39173
2023-04-28,0.3952679223333321,0.3945
2023-04-29,0.39774075499999967,0.39485
2023-04-30,0.39279758133333254,0.39359
2023-05-01,0.3927375716666671,0.39157
2023-05-02,0.3986643883333336,0.39506
2023-05-03,0.39833998166666756,0.3974
2023-05-04,0.4005287686666679,0.40027
2023-05-05,0.3935411386666679,0.39651
2023-05-06,0.39643198699999926,0.39547
2023-05-07,0.3921492080000004,0.39184
2023-05-08,0.3943690326666658,0.39585
2023-05-09,0.3935238089999987,0.39325
2023-05-10,0.39507967166666724,0.39545
2023-05-11,0.3986629536666664,0.39512
2023-05-12,0.39717103333333365,0.39551
2023-05-13,0.3991153056666672,0.39623
2023-05-14,0.40091977166666654,0.39622
2023-05-15,0.4019950266666673,0.40044
2023-05-16,0.3993602053333347,0.39635
2023-05-17,0.3995595349999986,0.39788
2023-05-18,0.40140940666666836,0.39743
2023-05-19,0.40059888799999976,0.39782
2023-05-20,0.39990053800000164,0.39743
2023-05-21,0.39518532266666734,0.39223
2023-05-22,0.39401135566666634,0.38903
2023-05-23,0.3909514943333322,0.38768
2023-05-24,0.3966670349999999,0.39539
2023-05-25,0.39581189333333255,0.39487
2023-05-26,0.3982650276666675,0.39527
2023-05-27,0.4006416186666674,0.40002
2023-05-28,0.39675655933333354,0.39703
2023-05-29,0.39925652933333367,0.39741
2023-05-30,0.398101436666667,0.39742
2023-05-31,0.39284678466666584,0.39413
2023-06-01,0.3945447683333341,0.39633
2023-06-02,0.40197329700000084,0.39919
2023-06-03,0.403864430333334,0.40064
2023-06-04,0.40543997033333246,0.40247
2023-06-05,0.40351963533333307,0.40255
2023-06-06,0.4072039126666659,0.40514
2023-06-07,0.4066491440000008,0.40592
2023-06-08,0.40406918166666606,0.40741
2023-06-09,0.40642760733333516,0.41283
2023-06-10,0.4043629503333345,0.40754
2023-06-11,0.40779256933333485,0.4086
2023-06-12,0.40989353399999956,0.41034
2023-06-13,0.4057705386666671,0.41192
2023-06-14,0.40379947433333496,0.40871
2023-06-15,0.40565997266666587,0.41009
2023-06-16,0.4064278226666662,0.41151
2023-06-17,0.4040762706666673,0.4095
2023-06-18,0.4010423353333328,0.40767
2023-06-19,0.39873579666666514,0.41069
